"","Year","Origin"
"1",1988,"PNS"
"2",1988,"OME"
"3",1990,"SAN"
"4",1990,"STT"
"5",1991,"FLL"
"6",1993,"MSP"
"7",1993,"ONT"
"8",1994,"MOT"
"9",1994,"GFK"
"10",1995,"FCA"
"11",1998,"EWR"
"12",1998,"JNU"
"13",1999,"FAT"
"14",2000,"LIT"
"15",2000,"MSP"
"16",2001,"MLU"
"17",2002,"MBS"
"18",2004,"PHL"
"19",2004,"ADQ"
"20",2005,"BZN"
"21",2005,"CEC"
"22",2005,"FSM"
"23",2005,"PSE"
"24",2006,"CPR"
"25",2006,"SIT"
"26",2007,"DAB"
"27",2008,"DAB"
"28",2008,"ACK"
"29",1987,"BTM"
"30",1988,"PHL"
"31",1988,"SBA"
"32",1989,"ROA"
"33",1991,"RDU"
"34",1992,"DCA"
"35",1993,"PFN"
"36",1996,"BHM"
"37",1996,"BFL"
"38",1997,"OTZ"
"39",1998,"GSO"
"40",1998,"STT"
"41",1998,"CDV"
"42",2000,"DRO"
"43",2003,"TXK"
"44",2004,"TYS"
"45",2005,"STT"
"46",2005,"GRR"
"47",2005,"PIE"
"48",2006,"IAD"
"49",2006,"TRI"
"50",2007,"BFL"
"51",2008,"DHN"
"52",1987,"STL"
"53",1988,"OKC"
"54",1988,"STT"
"55",1989,"ROR"
"56",1990,"PIT"
"57",1991,"MFR"
"58",1994,"ERI"
"59",1995,"BHM"
"60",1996,"BGM"
"61",1996,"FLL"
"62",1998,"DTW"
"63",1999,"HOU"
"64",1999,"CRW"
"65",2000,"MOT"
"66",2002,"BIS"
"67",2002,"FCA"
"68",2002,"GGG"
"69",2003,"SEA"
"70",2004,"GEG"
"71",2005,"DFW"
"72",2006,"EWR"
"73",2006,"TEX"
"74",2006,"PHF"
"75",2007,"GRK"
"76",2007,"SLE"
"77",2008,"TWF"
"78",1987,"SCC"
"79",1988,"OTZ"
"80",1989,"BDL"
"81",1989,"SCC"
"82",1991,"CVG"
"83",1991,"PMD"
"84",1992,"TPA"
"85",1992,"GRR"
"86",1992,"LSE"
"87",1992,"MSO"
"88",1993,"CMH"
"89",1993,"GUM"
"90",1994,"PSC"
"91",1995,"ALB"
"92",1999,"MCI"
"93",2000,"CRW"
"94",2001,"FAI"
"95",2002,"DAY"
"96",2003,"OGG"
"97",2004,"GJT"
"98",2004,"BET"
"99",2004,"OTZ"
"100",2005,"KOA"
"101",2005,"DHN"
"102",2005,"FAY"
"103",2006,"CID"
"104",2006,"DHN"
"105",2007,"MSY"
"106",2007,"OAK"
"107",2007,"TYS"
"108",2007,"APF"
"109",2008,"SUN"
"110",1987,"CHS"
"111",1989,"MLU"
"112",1990,"SJC"
"113",1991,"CHO"
"114",1992,"EGE"
"115",1995,"JNU"
"116",1996,"ATL"
"117",1996,"ELM"
"118",1999,"DFW"
"119",1999,"TOL"
"120",2000,"BUR"
"121",2000,"RSW"
"122",2000,"OGG"
"123",2001,"FAT"
"124",2002,"GSO"
"125",2002,"BOS"
"126",2003,"PDX"
"127",2003,"LBB"
"128",2003,"PSP"
"129",2005,"SEA"
"130",2005,"MFR"
"131",2006,"ATL"
"132",2006,"PIH"
"133",2006,"CDC"
"134",2007,"COS"
"135",1987,"ORH"
"136",1988,"DSM"
"137",1989,"EWR"
"138",1991,"SDF"
"139",1991,"JAC"
"140",1991,"CDV"
"141",1992,"FCA"
"142",1992,"PSG"
"143",1993,"TUL"
"144",1993,"JAC"
"145",1993,"ADQ"
"146",1994,"SFO"
"147",1995,"AVP"
"148",1996,"PWM"
"149",1996,"JAN"
"150",1996,"HSV"
"151",1997,"HLN"
"152",1999,"MOB"
"153",1999,"BIS"
"154",2000,"PHL"
"155",2000,"CHA"
"156",2001,"MHT"
"157",2001,"BUR"
"158",2002,"SFO"
"159",2003,"EGE"
"160",2003,"FLO"
"161",2004,"BIL"
"162",2004,"KTN"
"163",2005,"CYS"
"164",2006,"MSN"
"165",2007,"PIT"
"166",2007,"FLO"
"167",2008,"DSM"
"168",1987,"LAX"
"169",1988,"LAX"
"170",1988,"TUL"
"171",1989,"PSC"
"172",1990,"FAY"
"173",1991,"ROA"
"174",1991,"SCC"
"175",1992,"ABQ"
"176",1993,"PIT"
"177",1993,"BZN"
"178",1993,"GTF"
"179",1994,"CMH"
"180",1994,"ONT"
"181",1995,"DSM"
"182",1996,"LNK"
"183",1996,"TVC"
"184",1997,"RSW"
"185",1999,"LIH"
"186",2000,"LNK"
"187",2003,"DSM"
"188",2003,"HRL"
"189",2003,"MSN"
"190",2004,"DCA"
"191",2005,"BNA"
"192",2005,"BTR"
"193",2006,"APF"
"194",2007,"TLH"
"195",2008,"CHA"
"196",1988,"DET"
"197",1989,"PHL"
"198",1989,"MHT"
"199",1990,"ERI"
"200",1991,"BTV"
"201",1992,"RDU"
"202",1992,"BHM"
"203",1992,"ISP"
"204",1993,"RAP"
"205",1994,"SMF"
"206",1994,"FAR"
"207",1995,"TUS"
"208",1995,"TLH"
"209",1997,"SGF"
"210",1999,"TUS"
"211",1999,"PSG"
"212",1999,"LAN"
"213",2000,"MHT"
"214",2002,"XNA"
"215",2003,"BET"
"216",2003,"BRW"
"217",2004,"SJC"
"218",2004,"LYH"
"219",2006,"SLC"
"220",2006,"CAK"
"221",2006,"YUM"
"222",2006,"LFT"
"223",1987,"BNA"
"224",1988,"BGM"
"225",1988,"HPN"
"226",1989,"RDU"
"227",1990,"DET"
"228",1991,"PBI"
"229",1992,"OTZ"
"230",1993,"DFW"
"231",1993,"MFE"
"232",1994,"MKE"
"233",1994,"PIA"
"234",1996,"HNL"
"235",1996,"PSP"
"236",1996,"IDA"
"237",1996,"PSC"
"238",1997,"MRY"
"239",1997,"CHS"
"240",1998,"CVG"
"241",1998,"DFW"
"242",1998,"WRG"
"243",1998,"KTN"
"244",1999,"ORF"
"245",1999,"DAL"
"246",1999,"ISP"
"247",2000,"WRG"
"248",2000,"CAE"
"249",2002,"CVG"
"250",2003,"SPS"
"251",2005,"LIH"
"252",2005,"HSV"
"253",2005,"SHV"
"254",2006,"BIS"
"255",2007,"ROA"
"256",2008,"CDV"
"257",1987,"TPA"
"258",1988,"SCC"
"259",1989,"GPT"
"260",1990,"LGA"
"261",1990,"LAS"
"262",1991,"BUF"
"263",1994,"DEN"
"264",1994,"SNA"
"265",1994,"STX"
"266",1995,"OTZ"
"267",1996,"RDU"
"268",1996,"FAI"
"269",1997,"TVC"
"270",1999,"DCA"
"271",1999,"BOI"
"272",2000,"JAN"
"273",2001,"SYR"
"274",2001,"SJC"
"275",2003,"LAS"
"276",2004,"SBP"
"277",2006,"DEN"
"278",2006,"ACV"
"279",2007,"LSE"
"280",1987,"HOU"
"281",1988,"SAN"
"282",1988,"DAY"
"283",1989,"MLI"
"284",1989,"GCN"
"285",1991,"STX"
"286",1992,"MEM"
"287",1992,"ISO"
"288",1994,"BTV"
"289",1995,"ELM"
"290",1996,"CDV"
"291",1998,"DUT"
"292",1999,"GSO"
"293",1999,"GEG"
"294",1999,"AKN"
"295",2001,"SFO"
"296",2002,"GFK"
"297",2003,"PFN"
"298",2003,"DHN"
"299",2004,"PBI"
"300",2006,"BNA"
"301",2008,"MHT"
"302",1987,"MSN"
"303",1988,"PDX"
"304",1988,"PHF"
"305",1989,"SFO"
"306",1989,"RDM"
"307",1990,"SCC"
"308",1992,"STL"
"309",1992,"PDX"
"310",1992,"BOI"
"311",1993,"MFR"
"312",1993,"SCC"
"313",1994,"MCO"
"314",1994,"CAE"
"315",1994,"BQN"
"316",1997,"IDA"
"317",1998,"MSP"
"318",1999,"SDF"
"319",2001,"LNK"
"320",2001,"BMI"
"321",2002,"STT"
"322",2004,"GSO"
"323",2005,"HDN"
"324",2006,"IND"
"325",2006,"LWB"
"326",2006,"WYS"
"327",2007,"SPI"
"328",2008,"SNA"
"329",2008,"FLG"
"330",2008,"RST"
"331",1987,"BTV"
"332",1987,"DAL"
"333",1988,"OAK"
"334",1990,"ALB"
"335",1991,"PNS"
"336",1992,"BOS"
"337",1993,"DTW"
"338",1994,"HNL"
"339",1996,"LGA"
"340",1998,"MKE"
"341",1998,"BIL"
"342",1998,"HSV"
"343",2001,"DSM"
"344",2002,"RNO"
"345",2002,"MLB"
"346",2002,"SWF"
"347",2003,"OAK"
"348",2003,"GRR"
"349",2004,"LEX"
"350",2004,"CKB"
"351",2004,"TRI"
"352",2004,"MQT"
"353",2006,"ONT"
"354",2006,"GSP"
"355",1987,"GUC"
"356",1989,"CCR"
"357",1990,"MCI"
"358",1990,"MLB"
"359",1990,"GJT"
"360",1991,"GRR"
"361",1992,"SGF"
"362",1992,"SIT"
"363",1997,"JNU"
"364",1998,"BWI"
"365",2002,"ACT"
"366",2003,"PHF"
"367",2003,"GST"
"368",2004,"HSV"
"369",2004,"FMN"
"370",2005,"FCA"
"371",2005,"CHO"
"372",2006,"ISO"
"373",2007,"DHN"
"374",2007,"MEI"
"375",2008,"PBI"
"376",2008,"ELM"
"377",1988,"FAT"
"378",1989,"LIH"
"379",1989,"PWM"
"380",1989,"DCA"
"381",1989,"TLH"
"382",1992,"ROC"
"383",1992,"FSD"
"384",1992,"CPR"
"385",1993,"OGG"
"386",1994,"MEM"
"387",1994,"FNT"
"388",1996,"MDT"
"389",1997,"BHM"
"390",1998,"SGF"
"391",1999,"BHM"
"392",2000,"JNU"
"393",2001,"BFL"
"394",2002,"IND"
"395",2004,"LFT"
"396",2005,"MEM"
"397",2005,"TOL"
"398",2005,"MOD"
"399",2006,"SDF"
"400",2006,"BGR"
"401",2008,"MBS"
"402",2003,"MKK"
"403",2003,"ITO"
"404",1989,"MCI"
"405",1989,"BUF"
"406",1989,"RST"
"407",1989,"EAU"
"408",1990,"MLU"
"409",1991,"MSY"
"410",1991,"DRO"
"411",1992,"TRI"
"412",1993,"ORF"
"413",1993,"MLU"
"414",1993,"ACK"
"415",1994,"GSP"
"416",1995,"STL"
"417",1995,"AKN"
"418",1996,"OKC"
"419",1996,"RIC"
"420",1998,"TUL"
"421",1999,"ONT"
"422",1999,"ABE"
"423",1999,"TYS"
"424",2002,"ILM"
"425",2004,"FLL"
"426",2004,"EGE"
"427",2008,"BUF"
"428",2008,"RIC"
"429",2008,"RFD"
"430",1988,"ROA"
"431",1988,"RDM"
"432",1988,"AVP"
"433",1989,"DEN"
"434",1990,"FLL"
"435",1990,"VPS"
"436",1992,"MIA"
"437",1992,"GTF"
"438",1993,"GST"
"439",1994,"SUX"
"440",1995,"FAI"
"441",1996,"FSD"
"442",1997,"PDX"
"443",1997,"FAI"
"444",2000,"ICT"
"445",2000,"ROA"
"446",2000,"AZO"
"447",2002,"MIA"
"448",2004,"SDF"
"449",2005,"HVN"
"450",2006,"RFD"
"451",2007,"BDL"
"452",2007,"SUN"
"453",2007,"INL"
"454",1987,"BIL"
"455",1987,"KTN"
"456",1989,"EVV"
"457",1989,"DRO"
"458",1991,"GSP"
"459",1991,"MIA"
"460",1992,"GJT"
"461",1993,"LIH"
"462",1993,"SIT"
"463",1995,"GNV"
"464",1995,"FAY"
"465",1996,"ABQ"
"466",1996,"LBB"
"467",1997,"MEM"
"468",1997,"SAV"
"469",1998,"TYS"
"470",1998,"AMA"
"471",2001,"PIA"
"472",2003,"STL"
"473",2003,"EUG"
"474",2003,"BTV"
"475",2004,"PUB"
"476",2006,"BOI"
"477",2006,"MSP"
"478",2006,"STX"
"479",2008,"SJU"
"480",2008,"CMI"
"481",2008,"CMX"
"482",1987,"BUR"
"483",1987,"LIT"
"484",1988,"RAP"
"485",1988,"HTS"
"486",1989,"DFW"
"487",1989,"FAT"
"488",1989,"BHM"
"489",1990,"CVG"
"490",1990,"CAE"
"491",1991,"LAN"
"492",1992,"AMA"
"493",1994,"PIT"
"494",1994,"FAT"
"495",1995,"STT"
"496",1996,"ITH"
"497",1996,"ADQ"
"498",1997,"SWF"
"499",1997,"ILM"
"500",1998,"FCA"
"501",1998,"AZO"
"502",1999,"MSP"
"503",2001,"MSP"
"504",2001,"MSO"
"505",2002,"RDU"
"506",2002,"AMA"
"507",2003,"TUS"
"508",2003,"RSW"
"509",2004,"GRB"
"510",2004,"ILE"
"511",2005,"STL"
"512",2005,"ROA"
"513",2005,"VCT"
"514",2007,"SUX"
"515",2007,"EAU"
"516",2008,"CRW"
"517",2008,"BMI"
"518",2008,"VLD"
"519",1988,"GNV"
"520",1989,"RSW"
"521",1990,"GSO"
"522",1990,"BTM"
"523",1990,"CDV"
"524",1990,"SWF"
"525",1992,"SAV"
"526",1993,"PBI"
"527",1993,"LBB"
"528",1995,"EWR"
"529",1996,"BNA"
"530",1998,"SAT"
"531",2000,"LGB"
"532",2000,"PSC"
"533",2001,"CVG"
"534",2003,"PIE"
"535",2004,"STT"
"536",2005,"CSG"
"537",2007,"STT"
"538",2008,"LAS"
"539",2008,"LBB"
"540",2008,"LEX"
"541",1987,"ALO"
"542",1988,"MDT"
"543",1989,"TRI"
"544",1989,"BET"
"545",1990,"SHV"
"546",1992,"PHF"
"547",1992,"PFN"
"548",1993,"LAX"
"549",1994,"SBA"
"550",1994,"MTJ"
"551",1997,"ANC"
"552",1998,"SLC"
"553",1998,"SIT"
"554",1999,"PHL"
"555",1999,"FSD"
"556",1999,"MSN"
"557",2000,"OAK"
"558",2000,"SAT"
"559",2001,"TUS"
"560",2001,"TVC"
"561",2002,"BUR"
"562",2002,"SPS"
"563",2003,"AVL"
"564",2003,"ROA"
"565",2004,"MLI"
"566",2005,"GSO"
"567",2005,"SBP"
"568",2006,"TUS"
"569",2007,"GJT"
"570",2007,"TTN"
"571",2008,"ASE"
"572",2008,"CAK"
"573",2008,"MLB"
"574",2008,"BTM"
"575",1987,"FSD"
"576",1988,"ANC"
"577",1988,"JNU"
"578",1989,"ATL"
"579",1989,"YUM"
"580",1990,"GSP"
"581",1990,"GUM"
"582",1991,"CHS"
"583",1991,"SAV"
"584",1991,"GFK"
"585",1991,"GPT"
"586",1991,"GST"
"587",1992,"TVC"
"588",1994,"GUC"
"589",1995,"MKE"
"590",1995,"ONT"
"591",1996,"MKE"
"592",1996,"BIL"
"593",1997,"SUX"
"594",1999,"ROA"
"595",1999,"MYR"
"596",2000,"BIL"
"597",2001,"ELP"
"598",2002,"EUG"
"599",2003,"MCO"
"600",2003,"AGS"
"601",2004,"DAY"
"602",2004,"CAK"
"603",2004,"EVV"
"604",2004,"SUN"
"605",2004,"MFR"
"606",2004,"MLU"
"607",2005,"MDW"
"608",2005,"LCH"
"609",2007,"SLC"
"610",2007,"AVL"
"611",2007,"OME"
"612",2008,"BRW"
"613",1988,"LYH"
"614",1988,"RST"
"615",1988,"GFK"
"616",1992,"JAN"
"617",1993,"MHT"
"618",1994,"CHS"
"619",1995,"ANI"
"620",1997,"MFR"
"621",1997,"TLH"
"622",1998,"ORF"
"623",1999,"ICT"
"624",2000,"ABE"
"625",2001,"DAL"
"626",2003,"PBI"
"627",2003,"GPT"
"628",2006,"ORF"
"629",2006,"MLB"
"630",2007,"ISO"
"631",2008,"TUL"
"632",2008,"JFK"
"633",1987,"FAT"
"634",1988,"YKM"
"635",1988,"EYW"
"636",1989,"KTN"
"637",1990,"HDN"
"638",1992,"WRG"
"639",1994,"LIT"
"640",1994,"IDA"
"641",1995,"GSO"
"642",1997,"OMA"
"643",1998,"GUC"
"644",2001,"PBI"
"645",2001,"RAP"
"646",2002,"HOU"
"647",2002,"MLU"
"648",2003,"FMN"
"649",2005,"SYR"
"650",2005,"EUG"
"651",2006,"MHT"
"652",2006,"OAJ"
"653",2006,"AKN"
"654",2007,"KOA"
"655",2007,"ABI"
"656",2007,"CMX"
"657",2008,"JAX"
"658",2008,"HLN"
"659",1988,"GEG"
"660",1988,"TPA"
"661",1988,"CMH"
"662",1990,"ABE"
"663",1991,"YAK"
"664",1993,"AVL"
"665",1993,"CID"
"666",1994,"LAN"
"667",1994,"MBS"
"668",1994,"LFT"
"669",1995,"DTW"
"670",1995,"BGM"
"671",1995,"EGE"
"672",1996,"MSO"
"673",1997,"BIL"
"674",1998,"GFK"
"675",2001,"ITH"
"676",2002,"BRW"
"677",2003,"BUF"
"678",2003,"RNO"
"679",2003,"CID"
"680",2003,"ISP"
"681",2003,"FCA"
"682",2003,"ILE"
"683",2005,"KTN"
"684",2007,"SEA"
"685",2007,"BRO"
"686",2008,"GUC"
"687",1987,"FAR"
"688",1987,"STT"
"689",1988,"MRY"
"690",1988,"EUG"
"691",1988,"OGG"
"692",1988,"TYS"
"693",1989,"MSY"
"694",1989,"BTV"
"695",1989,"YAP"
"696",1990,"BWI"
"697",1990,"BZN"
"698",1991,"TLH"
"699",1991,"HTS"
"700",1991,"PDX"
"701",1992,"FLL"
"702",1992,"CHS"
"703",1992,"TYS"
"704",1993,"CPR"
"705",1994,"AVP"
"706",1996,"BDL"
"707",1997,"DFW"
"708",1997,"FCA"
"709",1998,"CLE"
"710",1998,"ROA"
"711",2001,"KOA"
"712",2001,"SPS"
"713",2005,"SJT"
"714",2005,"BRO"
"715",2005,"PSG"
"716",2006,"DTW"
"717",2006,"LSE"
"718",2007,"ALB"
"719",1987,"BDL"
"720",1987,"CRP"
"721",1988,"SEA"
"722",1988,"DTW"
"723",1988,"FLG"
"724",1990,"OME"
"725",1991,"BGR"
"726",1991,"FCA"
"727",1992,"SWF"
"728",1992,"HOU"
"729",1992,"HVN"
"730",1993,"BTR"
"731",1993,"BET"
"732",1994,"CID"
"733",1995,"PFN"
"734",1996,"KOA"
"735",1997,"ABE"
"736",1997,"HDN"
"737",1997,"GST"
"738",2000,"PSG"
"739",2001,"FWA"
"740",2002,"MKE"
"741",2002,"TYS"
"742",2003,"BWI"
"743",2003,"VIS"
"744",2004,"PSP"
"745",2004,"VIS"
"746",2004,"BQK"
"747",2006,"WRG"
"748",2007,"TPA"
"749",2007,"SGF"
"750",1987,"SDF"
"751",1988,"ACV"
"752",1988,"EVV"
"753",1989,"GTF"
"754",1990,"MFE"
"755",1991,"ITH"
"756",1991,"IDA"
"757",1992,"MSP"
"758",1992,"MRY"
"759",1995,"SBN"
"760",1996,"LAX"
"761",1997,"OAK"
"762",1997,"JAC"
"763",1998,"CLT"
"764",1999,"SHV"
"765",1999,"FAR"
"766",2003,"DAB"
"767",2003,"GGG"
"768",2006,"BDL"
"769",2006,"SEA"
"770",2007,"STX"
"771",1987,"CWA"
"772",1988,"HSV"
"773",1989,"MFR"
"774",1990,"CMH"
"775",1990,"CAK"
"776",1990,"UCA"
"777",1991,"MLI"
"778",1991,"SBA"
"779",1992,"BGR"
"780",1993,"AGS"
"781",1994,"DAY"
"782",1994,"CAK"
"783",1994,"ANC"
"784",1995,"HTS"
"785",1995,"DLH"
"786",1998,"PIT"
"787",1999,"MHT"
"788",2000,"CID"
"789",2003,"PIT"
"790",2003,"LWB"
"791",2005,"LAX"
"792",2005,"MDT"
"793",2005,"CRW"
"794",1988,"KOA"
"795",1991,"CLE"
"796",1992,"SRQ"
"797",1994,"DAB"
"798",1994,"GRB"
"799",1995,"SNA"
"800",1995,"MDT"
"801",1995,"PIA"
"802",1996,"ILM"
"803",1997,"RNO"
"804",1997,"SEA"
"805",1997,"PBI"
"806",1998,"JAC"
"807",1999,"OMA"
"808",1999,"SCC"
"809",2000,"SRQ"
"810",2000,"MFE"
"811",2001,"BET"
"812",2002,"FAI"
"813",2003,"COS"
"814",2003,"OTZ"
"815",2003,"LNK"
"816",2004,"HDN"
"817",2005,"PBI"
"818",2005,"LIT"
"819",2005,"ACY"
"820",2006,"MOT"
"821",2008,"PIT"
"822",2008,"SBP"
"823",2008,"SIT"
"824",1987,"OMA"
"825",1987,"RST"
"826",1987,"GCN"
"827",1988,"CHO"
"828",1988,"SJC"
"829",1988,"GJT"
"830",1988,"ROR"
"831",1989,"ORH"
"832",1990,"LYH"
"833",1990,"MOB"
"834",1990,"KOA"
"835",1990,"OTZ"
"836",1991,"AGS"
"837",1991,"BZN"
"838",1992,"GUC"
"839",1993,"PVD"
"840",1994,"ABE"
"841",1999,"SMF"
"842",2000,"GSO"
"843",2000,"EUG"
"844",2002,"TXK"
"845",2002,"BRO"
"846",2003,"GUC"
"847",2006,"COD"
"848",2006,"BTR"
"849",2007,"ELM"
"850",2008,"IDA"
"851",1987,"PIT"
"852",1988,"HOU"
"853",1988,"GST"
"854",1989,"ABQ"
"855",1989,"ABI"
"856",1990,"ORF"
"857",1990,"SBN"
"858",1990,"PMD"
"859",1990,"KTN"
"860",1991,"ANC"
"861",1993,"GNV"
"862",1993,"SJC"
"863",1995,"PWM"
"864",1995,"BRW"
"865",1996,"SIT"
"866",1997,"MCI"
"867",1998,"STX"
"868",2001,"MSY"
"869",2003,"SMF"
"870",2003,"EKO"
"871",2004,"RDU"
"872",2004,"ATW"
"873",2005,"EGE"
"874",2006,"OGG"
"875",2007,"TUP"
"876",1987,"OAK"
"877",1988,"IAD"
"878",1989,"SEA"
"879",1989,"CLE"
"880",1989,"CRW"
"881",1990,"TUS"
"882",1990,"GEG"
"883",1990,"FCA"
"884",1991,"SRQ"
"885",1992,"BLI"
"886",1993,"OAJ"
"887",1993,"ELM"
"888",1997,"SDF"
"889",1998,"MLB"
"890",1999,"MDT"
"891",2000,"DAY"
"892",2002,"BDL"
"893",2002,"SJC"
"894",2003,"LFT"
"895",2003,"VLD"
"896",2003,"CYS"
"897",2004,"BTV"
"898",2004,"CDC"
"899",2005,"DTW"
"900",2007,"BTM"
"901",2007,"DLG"
"902",2008,"STX"
"903",2008,"MOT"
"904",1989,"CAK"
"905",1989,"CDV"
"906",1990,"JAN"
"907",1991,"MGM"
"908",1993,"FAT"
"909",1994,"PNS"
"910",1994,"MSN"
"911",1994,"HVN"
"912",1995,"JAC"
"913",1996,"CAK"
"914",1996,"WRG"
"915",1996,"AMA"
"916",1997,"BNA"
"917",1997,"BUF"
"918",1998,"DEN"
"919",2000,"GEG"
"920",2002,"FLL"
"921",2002,"LAX"
"922",2004,"SHV"
"923",2004,"COD"
"924",2004,"MOD"
"925",2004,"GNV"
"926",2004,"PSG"
"927",2005,"LGA"
"928",2005,"AUS"
"929",2005,"AMA"
"930",2005,"CAE"
"931",2005,"TWF"
"932",2005,"SGU"
"933",2005,"OXR"
"934",2005,"LNK"
"935",2006,"PIT"
"936",2006,"GJT"
"937",2006,"BZN"
"938",2006,"KTN"
"939",2007,"MHT"
"940",2007,"CAK"
"941",2008,"AKN"
"942",1987,"ATW"
"943",1989,"PUB"
"944",1990,"OAK"
"945",1990,"MOT"
"946",1991,"SJC"
"947",1991,"CID"
"948",1991,"SHV"
"949",1992,"ROA"
"950",1992,"PSC"
"951",1993,"MIA"
"952",1994,"BUF"
"953",1994,"ADQ"
"954",1995,"OMA"
"955",1997,"VPS"
"956",1997,"GUC"
"957",1998,"SBA"
"958",2000,"BRW"
"959",2001,"MFE"
"960",2002,"MRY"
"961",2002,"ILE"
"962",2002,"MQT"
"963",2004,"TUL"
"964",2004,"ABE"
"965",2004,"LAW"
"966",2004,"LGB"
"967",2005,"CVG"
"968",2005,"MBS"
"969",2005,"LEX"
"970",2007,"HSV"
"971",2008,"PWM"
"972",2008,"HPN"
"973",2008,"FCA"
"974",1987,"MDT"
"975",1987,"MFE"
"976",1990,"EFD"
"977",1988,"BUF"
"978",1990,"LNK"
"979",1991,"LAS"
"980",1992,"ORF"
"981",1992,"GFK"
"982",1993,"MKE"
"983",1993,"CRP"
"984",1993,"STX"
"985",1994,"PHL"
"986",1995,"ABQ"
"987",1995,"DAB"
"988",1995,"LWB"
"989",1996,"ANC"
"990",1996,"YAK"
"991",1997,"KTN"
"992",1998,"SAV"
"993",2002,"JAX"
"994",2002,"GUC"
"995",2003,"MIA"
"996",2003,"STT"
"997",2003,"SWF"
"998",2004,"PFN"
"999",2008,"PSE"
"1000",1987,"SCK"
"1001",1989,"STT"
"1002",1991,"SJU"
"1003",1992,"GRB"
"1004",1993,"SDF"
"1005",1993,"WRG"
"1006",1994,"MDT"
"1007",1994,"GNV"
"1008",1995,"LAS"
"1009",1995,"SMF"
"1010",1995,"KTN"
"1011",1996,"AVL"
"1012",1996,"FNT"
"1013",1997,"SAT"
"1014",2003,"BIL"
"1015",2003,"ACV"
"1016",2003,"BPT"
"1017",2004,"DAL"
"1018",2006,"ORD"
"1019",2006,"IDA"
"1020",2007,"JAN"
"1021",2008,"ISP"
"1022",2008,"WYS"
"1023",1987,"CDV"
"1024",1989,"ONT"
"1025",1989,"FWA"
"1026",1990,"OAJ"
"1027",1990,"MLI"
"1028",1990,"FAI"
"1029",1991,"VPS"
"1030",1991,"TVL"
"1031",1993,"ABQ"
"1032",1993,"AVP"
"1033",1995,"ABE"
"1034",1995,"SWF"
"1035",1997,"SBA"
"1036",1997,"BFL"
"1037",2001,"LAX"
"1038",2002,"ABQ"
"1039",2004,"RSW"
"1040",2004,"DBQ"
"1041",2007,"RFD"
"1042",2007,"PSE"
"1043",2007,"GST"
"1044",1987,"TYS"
"1045",1987,"LYH"
"1046",1987,"BET"
"1047",1991,"BWI"
"1048",1992,"SFO"
"1049",1994,"SHV"
"1050",1994,"JAC"
"1051",1994,"PFN"
"1052",1994,"PSE"
"1053",1996,"MSY"
"1054",1997,"SRQ"
"1055",1998,"IAH"
"1056",1999,"PVD"
"1057",1999,"TRI"
"1058",2001,"LGA"
"1059",2001,"BTV"
"1060",2001,"AVL"
"1061",2001,"HLN"
"1062",2003,"ABQ"
"1063",2004,"PNS"
"1064",2005,"HNL"
"1065",2006,"TLH"
"1066",2007,"PHF"
"1067",2008,"GEG"
"1068",2008,"SYR"
"1069",2008,"OGG"
"1070",1988,"LIH"
"1071",1989,"IAH"
"1072",1989,"SGF"
"1073",1990,"SBA"
"1074",1993,"JFK"
"1075",1995,"PDX"
"1076",1998,"LAS"
"1077",1998,"VPS"
"1078",1999,"CID"
"1079",2000,"RNO"
"1080",2000,"GRR"
"1081",2002,"MDW"
"1082",2002,"DLH"
"1083",2002,"WRG"
"1084",2003,"ALB"
"1085",2005,"BOI"
"1086",2006,"KOA"
"1087",2007,"JFK"
"1088",2008,"SFO"
"1089",2008,"AMA"
"1090",1988,"GCN"
"1091",1988,"CDV"
"1092",1989,"OKC"
"1093",1989,"LGB"
"1094",1989,"CLT"
"1095",1989,"SUX"
"1096",1989,"APF"
"1097",1992,"CVG"
"1098",1992,"TUL"
"1099",1992,"BZN"
"1100",1992,"SNA"
"1101",1994,"MCI"
"1102",1994,"TLH"
"1103",1996,"ERI"
"1104",1996,"MGM"
"1105",1997,"GRR"
"1106",1997,"TPA"
"1107",1997,"PSP"
"1108",1997,"RST"
"1109",1999,"STX"
"1110",1999,"OTZ"
"1111",2000,"BHM"
"1112",2000,"BWI"
"1113",2000,"TPA"
"1114",2000,"SBA"
"1115",2001,"ABE"
"1116",2002,"FNT"
"1117",2003,"AVP"
"1118",2004,"CSG"
"1119",2005,"SJU"
"1120",2005,"BFL"
"1121",2005,"CDV"
"1122",2007,"ANC"
"1123",2008,"LNK"
"1124",1989,"MDW"
"1125",1989,"TUL"
"1126",1989,"GSO"
"1127",1990,"LEX"
"1128",1990,"EYW"
"1129",1990,"MSO"
"1130",1991,"HPN"
"1131",1992,"DTW"
"1132",1994,"BOS"
"1133",1995,"MEM"
"1134",1995,"SAT"
"1135",1995,"OME"
"1136",1997,"KOA"
"1137",1997,"BRW"
"1138",1998,"OGG"
"1139",1998,"SCC"
"1140",1999,"GUC"
"1141",2000,"TYS"
"1142",2002,"HSV"
"1143",2003,"AUS"
"1144",2003,"AZO"
"1145",2004,"EFD"
"1146",2005,"MCN"
"1147",2006,"ISP"
"1148",2006,"ACY"
"1149",2006,"CDV"
"1150",2007,"MOD"
"1151",2008,"OMA"
"1152",2008,"BLI"
"1153",1987,"BTR"
"1154",1988,"RIC"
"1155",1988,"AMA"
"1156",1988,"CSG"
"1157",1989,"CVG"
"1158",1989,"BTR"
"1159",1990,"PHL"
"1160",1990,"ORH"
"1161",1990,"LBB"
"1162",1991,"JAN"
"1163",1992,"UCA"
"1164",1993,"IAH"
"1165",1993,"MDW"
"1166",1993,"VPS"
"1167",1996,"PSG"
"1168",1997,"YAK"
"1169",1997,"MYR"
"1170",1998,"BGR"
"1171",1999,"HPN"
"1172",1999,"RAP"
"1173",2000,"FAI"
"1174",2000,"HNL"
"1175",2001,"LAN"
"1176",2002,"SGF"
"1177",2003,"STX"
"1178",2004,"IAD"
"1179",2004,"MTJ"
"1180",2004,"RDD"
"1181",2004,"PHF"
"1182",2005,"LRD"
"1183",2005,"SPS"
"1184",2006,"BTM"
"1185",2007,"DTW"
"1186",2007,"BET"
"1187",1987,"ROC"
"1188",1991,"PSP"
"1189",1992,"GSP"
"1190",1992,"CMI"
"1191",1995,"ELP"
"1192",1995,"CAK"
"1193",1999,"GFK"
"1194",2001,"LRD"
"1195",2002,"SRQ"
"1196",2003,"MEM"
"1197",2003,"CLD"
"1198",2004,"DHN"
"1199",2004,"FSM"
"1200",2006,"LYH"
"1201",2007,"CEC"
"1202",1987,"CAK"
"1203",1987,"FOE"
"1204",1988,"CHS"
"1205",1988,"JAC"
"1206",1989,"CID"
"1207",1991,"HVN"
"1208",1992,"DET"
"1209",1993,"PDX"
"1210",1993,"GEG"
"1211",1995,"GST"
"1212",1996,"RST"
"1213",1997,"ACK"
"1214",1999,"MBS"
"1215",2003,"PIA"
"1216",2003,"PSG"
"1217",2005,"SMX"
"1218",2007,"GSO"
"1219",2008,"SLE"
"1220",2008,"SWF"
"1221",1988,"MDW"
"1222",1988,"YUM"
"1223",1989,"STL"
"1224",1989,"LAN"
"1225",1992,"IAH"
"1226",1993,"RIC"
"1227",1993,"PHF"
"1228",1993,"SMF"
"1229",1993,"DSM"
"1230",1994,"ORF"
"1231",1997,"LEX"
"1232",1998,"PDX"
"1233",1998,"SFO"
"1234",1998,"PWM"
"1235",1998,"MKK"
"1236",1999,"LGB"
"1237",1999,"MTJ"
"1238",2000,"PHX"
"1239",2000,"AGS"
"1240",2002,"SJT"
"1241",2003,"DFW"
"1242",2003,"BZN"
"1243",2004,"AUS"
"1244",2005,"JAC"
"1245",2005,"MLB"
"1246",2005,"SIT"
"1247",2007,"IND"
"1248",2008,"IAH"
"1249",1987,"ERI"
"1250",1988,"DRO"
"1251",1989,"SAT"
"1252",1989,"RNO"
"1253",1989,"HTS"
"1254",1990,"RDU"
"1255",1990,"BTR"
"1256",1992,"EVV"
"1257",1992,"BIS"
"1258",1992,"GEG"
"1259",1993,"GJT"
"1260",1994,"FLL"
"1261",1994,"BGR"
"1262",1995,"LBB"
"1263",1996,"GSO"
"1264",1996,"BGR"
"1265",1996,"DLG"
"1266",1998,"SEA"
"1267",1999,"STT"
"1268",2001,"RDR"
"1269",2003,"CVG"
"1270",2003,"SAV"
"1271",2006,"RDD"
"1272",2007,"EWR"
"1273",2007,"XNA"
"1274",2007,"EYW"
"1275",2007,"AKN"
"1276",2008,"FLL"
"1277",2008,"DCA"
"1278",1987,"DEN"
"1279",1988,"PIT"
"1280",1988,"BHM"
"1281",1989,"PBI"
"1282",1989,"BUR"
"1283",1992,"ATL"
"1284",1992,"MKE"
"1285",1992,"BTM"
"1286",1993,"ELP"
"1287",1993,"DLH"
"1288",1993,"EUG"
"1289",1994,"LAS"
"1290",1995,"HOU"
"1291",1997,"ATL"
"1292",1997,"CHA"
"1293",1998,"SNA"
"1294",1998,"GRB"
"1295",1999,"BRO"
"1296",2000,"TUS"
"1297",2000,"MLU"
"1298",2001,"ELM"
"1299",2002,"YAK"
"1300",2003,"LIT"
"1301",2003,"VCT"
"1302",2003,"LAW"
"1303",2004,"BNA"
"1304",2004,"ACV"
"1305",2005,"MHT"
"1306",2006,"FCA"
"1307",2007,"BUF"
"1308",2007,"PSC"
"1309",2007,"GNV"
"1310",2008,"MCI"
"1311",2008,"EUG"
"1312",1987,"AZO"
"1313",1988,"STX"
"1314",1988,"MOT"
"1315",1991,"MSO"
"1316",1993,"ATL"
"1317",1994,"AUS"
"1318",1995,"DUT"
"1319",1996,"SNA"
"1320",1996,"MLU"
"1321",1997,"BOS"
"1322",1997,"MFE"
"1323",1999,"SBN"
"1324",2000,"CAK"
"1325",2001,"AKN"
"1326",2002,"DAL"
"1327",2003,"OMA"
"1328",2003,"HNL"
"1329",2003,"AEX"
"1330",2004,"JAN"
"1331",2004,"MEI"
"1332",2005,"MCO"
"1333",2005,"BQN"
"1334",2006,"LAS"
"1335",2006,"FWA"
"1336",2006,"SAV"
"1337",2006,"DAY"
"1338",2008,"MSY"
"1339",2008,"GTR"
"1340",1987,"GEG"
"1341",1987,"CVG"
"1342",1988,"PHX"
"1343",1988,"MIA"
"1344",1990,"CLE"
"1345",1991,"RAP"
"1346",1992,"MFE"
"1347",1993,"PHX"
"1348",1993,"HNL"
"1349",1994,"SEA"
"1350",1994,"GST"
"1351",1995,"DFW"
"1352",1995,"STX"
"1353",1996,"ELP"
"1354",1996,"KTN"
"1355",1996,"SAV"
"1356",1998,"ALB"
"1357",2000,"IAD"
"1358",2000,"MCI"
"1359",2001,"PNS"
"1360",2002,"TUS"
"1361",2003,"AKN"
"1362",2004,"SLC"
"1363",2006,"DRO"
"1364",2007,"CLE"
"1365",2007,"LGB"
"1366",2007,"MFR"
"1367",2007,"DLH"
"1368",2008,"OME"
"1369",1994,"TWF"
"1370",2003,"ERI"
"1371",1988,"LIT"
"1372",1989,"SMF"
"1373",1989,"MYR"
"1374",1989,"DAL"
"1375",1990,"SRQ"
"1376",1991,"GSO"
"1377",1991,"RSW"
"1378",1993,"DCA"
"1379",1993,"DUT"
"1380",1994,"GSO"
"1381",1995,"BOI"
"1382",1995,"CRP"
"1383",1996,"ABE"
"1384",1996,"SBN"
"1385",1997,"ELP"
"1386",1999,"ROC"
"1387",2001,"PHX"
"1388",2001,"BPT"
"1389",2004,"CLL"
"1390",2004,"HVN"
"1391",2005,"MLI"
"1392",2006,"BTV"
"1393",2006,"JNU"
"1394",2006,"SOP"
"1395",2007,"BQN"
"1396",2007,"BJI"
"1397",2008,"DRO"
"1398",2008,"BQN"
"1399",1987,"SFO"
"1400",1988,"BET"
"1401",1989,"ELP"
"1402",1991,"PHF"
"1403",1991,"MOB"
"1404",1993,"ALB"
"1405",1994,"SIT"
"1406",1995,"TPA"
"1407",1995,"DEN"
"1408",2000,"JFK"
"1409",2001,"PVD"
"1410",2001,"PWM"
"1411",2002,"MCO"
"1412",2003,"OXR"
"1413",2004,"LIT"
"1414",2004,"HPN"
"1415",2004,"JNU"
"1416",2005,"PHL"
"1417",2005,"CWA"
"1418",2006,"FNT"
"1419",2006,"LIH"
"1420",2007,"BIS"
"1421",2008,"IND"
"1422",2008,"LGA"
"1423",1987,"BLI"
"1424",1988,"LEX"
"1425",1988,"MGM"
"1426",1989,"GSP"
"1427",1989,"CMI"
"1428",1990,"SDF"
"1429",1991,"OME"
"1430",1992,"CHA"
"1431",1992,"HPN"
"1432",1994,"JFK"
"1433",1994,"TUL"
"1434",1996,"MIA"
"1435",1998,"STL"
"1436",1999,"TPA"
"1437",1999,"EGE"
"1438",1999,"MFE"
"1439",2003,"BGM"
"1440",2004,"PVU"
"1441",2005,"IND"
"1442",2005,"LAS"
"1443",2006,"BHM"
"1444",2007,"MSP"
"1445",2007,"EUG"
"1446",2007,"MOT"
"1447",2008,"BOI"
"1448",2008,"TLH"
"1449",2008,"DFW"
"1450",1987,"YKM"
"1451",1987,"PWM"
"1452",1987,"ISP"
"1453",1987,"CRW"
"1454",1988,"CAK"
"1455",1988,"YAK"
"1456",1989,"CHS"
"1457",1991,"LGA"
"1458",1993,"CVG"
"1459",1993,"FLL"
"1460",1994,"YAK"
"1461",1994,"BRO"
"1462",1995,"BNA"
"1463",1996,"GSP"
"1464",1996,"DLH"
"1465",1999,"GRR"
"1466",1999,"FNT"
"1467",2000,"ATL"
"1468",2000,"COS"
"1469",2001,"CMI"
"1470",2001,"ADQ"
"1471",2001,"SIT"
"1472",2002,"HLN"
"1473",2003,"JAC"
"1474",2003,"SBP"
"1475",2004,"IPL"
"1476",2004,"BRO"
"1477",2004,"MOB"
"1478",2005,"ITO"
"1479",2006,"ACT"
"1480",2007,"TUS"
"1481",2007,"ABY"
"1482",2008,"LSE"
"1483",1987,"SIT"
"1484",1988,"PWM"
"1485",1988,"BTV"
"1486",1990,"TPA"
"1487",1990,"DCA"
"1488",1990,"LIT"
"1489",1991,"MHT"
"1490",1991,"CHA"
"1491",1991,"GTF"
"1492",1992,"ELM"
"1493",1992,"TTN"
"1494",1993,"BOS"
"1495",1996,"JAX"
"1496",1996,"JNU"
"1497",1998,"IAD"
"1498",1998,"MIA"
"1499",1998,"SDF"
"1500",1998,"GST"
"1501",2000,"KOA"
"1502",2000,"AVL"
"1503",2001,"STT"
"1504",2001,"SBP"
"1505",2002,"MAF"
"1506",2002,"ADQ"
"1507",2004,"DSM"
"1508",2004,"SJT"
"1509",2004,"PIE"
"1510",2006,"OMA"
"1511",2007,"DFW"
"1512",2007,"MKE"
"1513",2008,"TVC"
"1514",2008,"IYK"
"1515",1988,"MHT"
"1516",1989,"MAF"
"1517",1989,"EYW"
"1518",1991,"FSD"
"1519",1991,"SGF"
"1520",1992,"PIA"
"1521",1993,"HVN"
"1522",1994,"IAH"
"1523",1996,"OTZ"
"1524",1999,"BNA"
"1525",2000,"HSV"
"1526",2001,"PSC"
"1527",2002,"RAP"
"1528",2002,"CHA"
"1529",2004,"MRY"
"1530",2004,"TYR"
"1531",2004,"TXK"
"1532",2008,"SMF"
"1533",2008,"AVP"
"1534",2008,"TEX"
"1535",1988,"CVG"
"1536",1989,"OMA"
"1537",1989,"AMA"
"1538",1990,"FSD"
"1539",1992,"LNK"
"1540",1994,"STT"
"1541",1996,"SDF"
"1542",1996,"FAT"
"1543",1997,"TUL"
"1544",2000,"FCA"
"1545",2002,"LGB"
"1546",2002,"TYR"
"1547",2003,"SAT"
"1548",2003,"AMA"
"1549",2004,"BDL"
"1550",2004,"MAF"
"1551",2005,"MYR"
"1552",2005,"RDM"
"1553",2006,"ERI"
"1554",2006,"CLL"
"1555",2007,"EGE"
"1556",2007,"ILM"
"1557",2007,"ADK"
"1558",2007,"PMD"
"1559",2008,"ALB"
"1560",1989,"SUN"
"1561",1990,"PHX"
"1562",1991,"LAX"
"1563",1992,"GUM"
"1564",1993,"IND"
"1565",1993,"MLB"
"1566",1994,"OTZ"
"1567",1995,"MLI"
"1568",1998,"ANC"
"1569",1999,"MEM"
"1570",1999,"JAC"
"1571",2000,"MFR"
"1572",2000,"CHS"
"1573",2001,"FAY"
"1574",2001,"ISP"
"1575",2002,"ATL"
"1576",2002,"PSC"
"1577",2003,"KOA"
"1578",2004,"TVC"
"1579",2004,"RST"
"1580",2004,"GST"
"1581",2005,"ICT"
"1582",2005,"DAL"
"1583",2005,"LAN"
"1584",2005,"TYR"
"1585",2005,"MEI"
"1586",2005,"SPI"
"1587",2006,"HRL"
"1588",2007,"DAY"
"1589",2008,"PSG"
"1590",1994,"SPN"
"1591",1991,"TTN"
"1592",1988,"FSD"
"1593",1989,"CMH"
"1594",1989,"OTZ"
"1595",1990,"TLH"
"1596",1990,"OMA"
"1597",1990,"JAC"
"1598",1991,"TUL"
"1599",1991,"YUM"
"1600",1995,"DLG"
"1601",1996,"ISP"
"1602",1997,"MOT"
"1603",1998,"AGS"
"1604",1998,"MLI"
"1605",1998,"MBS"
"1606",1999,"DTW"
"1607",1999,"AVL"
"1608",2000,"EWR"
"1609",2000,"SBN"
"1610",2000,"YAK"
"1611",2003,"HTS"
"1612",2004,"MCO"
"1613",2004,"EYW"
"1614",2005,"ALB"
"1615",2005,"FAI"
"1616",2006,"PVD"
"1617",2008,"LAW"
"1618",1988,"COS"
"1619",1989,"SBA"
"1620",1989,"ALB"
"1621",1990,"SIT"
"1622",1991,"SWF"
"1623",1994,"STL"
"1624",1997,"ORF"
"1625",1997,"MLI"
"1626",1999,"PWM"
"1627",2000,"HLN"
"1628",2001,"ABI"
"1629",2002,"PSG"
"1630",2003,"MYR"
"1631",2004,"AVP"
"1632",2004,"MKK"
"1633",2005,"SFO"
"1634",2005,"SAT"
"1635",2005,"MSN"
"1636",2007,"ABE"
"1637",1987,"AVP"
"1638",1988,"MSP"
"1639",1988,"SAV"
"1640",1989,"JNU"
"1641",1989,"FLG"
"1642",1990,"MSY"
"1643",1990,"FWA"
"1644",1991,"FAY"
"1645",1994,"IAD"
"1646",1996,"BUR"
"1647",1999,"KOA"
"1648",2001,"GSP"
"1649",2001,"DAB"
"1650",2002,"STL"
"1651",2003,"TYR"
"1652",2005,"OKC"
"1653",2005,"BGM"
"1654",2005,"EVV"
"1655",2005,"PIA"
"1656",2006,"HNL"
"1657",2007,"MOB"
"1658",2007,"YUM"
"1659",2007,"FNT"
"1660",2008,"GJT"
"1661",1987,"TUL"
"1662",1988,"RNO"
"1663",1989,"JFK"
"1664",1990,"SUN"
"1665",1991,"MOT"
"1666",1992,"BUR"
"1667",1993,"BWI"
"1668",1993,"CLE"
"1669",1993,"MDT"
"1670",1994,"GTF"
"1671",1994,"ACK"
"1672",1999,"RIC"
"1673",1999,"PNS"
"1674",2000,"ELM"
"1675",2000,"TOL"
"1676",2001,"HPN"
"1677",2003,"MRY"
"1678",2003,"TVC"
"1679",2003,"YAK"
"1680",2005,"CRP"
"1681",2005,"CDC"
"1682",2008,"GRR"
"1683",2008,"ABE"
"1684",2008,"LAN"
"1685",1992,"MHT"
"1686",1993,"OKC"
"1687",1993,"CDV"
"1688",1995,"ANC"
"1689",1996,"SEA"
"1690",1996,"PHX"
"1691",1996,"AKN"
"1692",1998,"BTV"
"1693",1999,"BIL"
"1694",2001,"BHM"
"1695",2001,"ILM"
"1696",2003,"ILM"
"1697",2003,"MEI"
"1698",2004,"VLD"
"1699",2005,"FAT"
"1700",2005,"MGM"
"1701",2005,"WYS"
"1702",2006,"BIL"
"1703",2008,"PDX"
"1704",2008,"FAI"
"1705",1987,"ORD"
"1706",1987,"GTF"
"1707",1988,"TVL"
"1708",1990,"ISP"
"1709",1993,"ORH"
"1710",1993,"PIA"
"1711",1993,"SPN"
"1712",1995,"HDN"
"1713",2000,"FNT"
"1714",2001,"MEM"
"1715",2002,"SAT"
"1716",2003,"TPA"
"1717",2003,"MSY"
"1718",2005,"PIT"
"1719",2005,"MCI"
"1720",2005,"PVD"
"1721",2005,"PIH"
"1722",2006,"SAN"
"1723",2006,"SFO"
"1724",2006,"SUN"
"1725",2008,"ACV"
"1726",1987,"PNS"
"1727",1987,"OAJ"
"1728",1987,"IDA"
"1729",1988,"FNT"
"1730",1990,"EGE"
"1731",1991,"JAX"
"1732",1992,"PHX"
"1733",1992,"BNA"
"1734",1992,"HSV"
"1735",1992,"OKC"
"1736",1993,"GFK"
"1737",1994,"SJU"
"1738",1996,"BIS"
"1739",1996,"MFE"
"1740",1997,"ONT"
"1741",1997,"GTF"
"1742",1997,"FSD"
"1743",1998,"MCI"
"1744",2000,"MCO"
"1745",2000,"SNA"
"1746",2001,"ALB"
"1747",2002,"BWI"
"1748",2002,"ORD"
"1749",2002,"ALB"
"1750",2002,"VPS"
"1751",2002,"ANC"
"1752",2002,"KOA"
"1753",2003,"CHA"
"1754",2004,"MSP"
"1755",2006,"MOB"
"1756",2006,"TYR"
"1757",2007,"LGA"
"1758",2007,"GUC"
"1759",1987,"DAB"
"1760",1989,"GUC"
"1761",1990,"IND"
"1762",1991,"TPA"
"1763",1991,"RST"
"1764",1994,"RSW"
"1765",1994,"ISP"
"1766",1996,"DAY"
"1767",1997,"BGM"
"1768",1998,"COS"
"1769",1998,"PHL"
"1770",1999,"HLN"
"1771",2000,"MGM"
"1772",2001,"WRG"
"1773",2004,"MSN"
"1774",2004,"FSD"
"1775",2004,"BFL"
"1776",2004,"GPT"
"1777",2004,"BQN"
"1778",2006,"RDU"
"1779",2007,"GRB"
"1780",2008,"HNL"
"1781",2008,"FLO"
"1782",2008,"ERI"
"1783",1987,"ACV"
"1784",1987,"HRL"
"1785",1991,"DCA"
"1786",1991,"AZO"
"1787",1992,"ORH"
"1788",1994,"OAJ"
"1789",1995,"MSP"
"1790",1996,"CVG"
"1791",1997,"SJU"
"1792",2001,"LBB"
"1793",2001,"LAW"
"1794",2003,"PNS"
"1795",2003,"TYS"
"1796",2003,"KTN"
"1797",2004,"DEN"
"1798",2005,"GEG"
"1799",2005,"HPN"
"1800",2005,"TYS"
"1801",2005,"MOB"
"1802",2007,"TOL"
"1803",2008,"GRB"
"1804",1988,"LGA"
"1805",1989,"BOS"
"1806",1990,"GRR"
"1807",1990,"LGB"
"1808",1990,"HSV"
"1809",1991,"SYR"
"1810",1991,"MSN"
"1811",1992,"MLI"
"1812",1994,"CLT"
"1813",1995,"COS"
"1814",1996,"SFO"
"1815",1996,"BOI"
"1816",1996,"GST"
"1817",1997,"BTV"
"1818",1999,"LGA"
"1819",1999,"OGG"
"1820",2000,"AUS"
"1821",2000,"DCA"
"1822",2002,"MSO"
"1823",2005,"FLL"
"1824",2006,"OAK"
"1825",2006,"GTF"
"1826",2007,"RDD"
"1827",2008,"LWB"
"1828",1987,"MLI"
"1829",1987,"ALB"
"1830",1988,"ALB"
"1831",1989,"FAR"
"1832",1989,"HLN"
"1833",1991,"PSC"
"1834",1992,"TUS"
"1835",1992,"CAK"
"1836",1992,"DAB"
"1837",1992,"LGB"
"1838",1992,"FLG"
"1839",1994,"TRI"
"1840",1995,"SJC"
"1841",1996,"MDW"
"1842",1999,"MRY"
"1843",2000,"LSE"
"1844",2003,"GJT"
"1845",2004,"ALB"
"1846",2005,"ATL"
"1847",2005,"BDL"
"1848",2006,"LAN"
"1849",2006,"RST"
"1850",2007,"MAF"
"1851",2007,"SBP"
"1852",1987,"CMH"
"1853",1988,"BNA"
"1854",1989,"YAK"
"1855",1990,"SEA"
"1856",1991,"TVC"
"1857",1992,"BUF"
"1858",1992,"DAY"
"1859",1993,"ABE"
"1860",1994,"HRL"
"1861",1994,"DSM"
"1862",1995,"PIT"
"1863",1996,"LWB"
"1864",1998,"ATL"
"1865",2002,"JAC"
"1866",2003,"LAN"
"1867",2004,"HOU"
"1868",2005,"BHM"
"1869",2005,"HLN"
"1870",2005,"OME"
"1871",2006,"OXR"
"1872",2007,"CLL"
"1873",2008,"CLT"
"1874",2008,"BIL"
"1875",1987,"LFT"
"1876",1988,"HNL"
"1877",1988,"MCO"
"1878",1992,"CAE"
"1879",1992,"DLH"
"1880",1992,"JAC"
"1881",1994,"MIA"
"1882",1994,"SAN"
"1883",1995,"EVV"
"1884",1995,"CHA"
"1885",1996,"CLE"
"1886",1997,"MDT"
"1887",1997,"SYR"
"1888",1998,"BDL"
"1889",1998,"LNK"
"1890",1998,"DAB"
"1891",1998,"ADQ"
"1892",1999,"FLL"
"1893",1999,"AZO"
"1894",2000,"BET"
"1895",2003,"JFK"
"1896",2003,"JNU"
"1897",2003,"ATW"
"1898",2004,"HRL"
"1899",2005,"GSP"
"1900",2006,"MLI"
"1901",2006,"GRB"
"1902",2008,"DEN"
"1903",2008,"PSP"
"1904",2008,"LWS"
"1905",2008,"AGS"
"1906",1988,"OMA"
"1907",1988,"FAR"
"1908",1989,"ELM"
"1909",1989,"ATW"
"1910",1989,"SJU"
"1911",1990,"GRB"
"1912",1992,"HNL"
"1913",1992,"SPN"
"1914",1993,"SFO"
"1915",1994,"MSY"
"1916",1994,"BUR"
"1917",1997,"GEG"
"1918",1998,"OME"
"1919",2000,"SMF"
"1920",2000,"GTF"
"1921",2001,"ROC"
"1922",2001,"RSW"
"1923",2001,"OMA"
"1924",2002,"PIT"
"1925",2002,"FAT"
"1926",2003,"SDF"
"1927",2003,"SUN"
"1928",2003,"EFD"
"1929",2005,"BPT"
"1930",2006,"GEG"
"1931",2006,"LNK"
"1932",2007,"CMH"
"1933",2007,"JAC"
"1934",2007,"OXR"
"1935",2008,"PNS"
"1936",1987,"PIE"
"1937",1988,"SFO"
"1938",1988,"LFT"
"1939",1989,"MIA"
"1940",1990,"FNT"
"1941",1990,"SPN"
"1942",1991,"WRG"
"1943",1991,"SPN"
"1944",1992,"CMH"
"1945",1992,"BDL"
"1946",1996,"BZN"
"1947",1997,"LNK"
"1948",1999,"LFT"
"1949",2000,"RAP"
"1950",2001,"LIT"
"1951",2001,"DLH"
"1952",2003,"PHL"
"1953",2004,"ROC"
"1954",2005,"CMI"
"1955",2007,"DAL"
"1956",2007,"MCO"
"1957",2007,"FLG"
"1958",2007,"SFO"
"1959",2007,"AVP"
"1960",2008,"BGM"
"1961",1988,"JFK"
"1962",1988,"RDU"
"1963",1988,"LNK"
"1964",1988,"TOL"
"1965",1990,"RNO"
"1966",1990,"HNL"
"1967",1990,"HLN"
"1968",1991,"FAT"
"1969",1992,"MCI"
"1970",1992,"CHO"
"1971",1992,"BRW"
"1972",1993,"SNA"
"1973",1993,"BOI"
"1974",1995,"CID"
"1975",1995,"ADQ"
"1976",1996,"MCI"
"1977",1998,"RNO"
"1978",1999,"LAX"
"1979",2001,"STL"
"1980",2001,"CAE"
"1981",2002,"MSN"
"1982",2006,"LGA"
"1983",2006,"BRO"
"1984",2006,"PSG"
"1985",2006,"FAI"
"1986",1987,"CPR"
"1987",1987,"BGM"
"1988",1989,"EUG"
"1989",1990,"RST"
"1990",1990,"RDM"
"1991",1991,"SAT"
"1992",1992,"LAS"
"1993",1992,"STT"
"1994",1993,"SYR"
"1995",1993,"FSD"
"1996",1994,"ACY"
"1997",1996,"DSM"
"1998",1996,"DAB"
"1999",1996,"BET"
"2000",1998,"MSY"
"2001",1998,"BGM"
"2002",1998,"BFL"
"2003",1999,"SAT"
"2004",1999,"LBB"
"2005",2000,"MIA"
"2006",2000,"OMA"
"2007",2000,"PVD"
"2008",2000,"AVP"
"2009",2000,"TRI"
"2010",2002,"OGG"
"2011",2003,"SFO"
"2012",2004,"DFW"
"2013",2004,"ACY"
"2014",2004,"EKO"
"2015",2004,"ITO"
"2016",2005,"BQK"
"2017",2005,"BRW"
"2018",1987,"EAU"
"2019",1989,"ABE"
"2020",1989,"CHO"
"2021",1991,"BNA"
"2022",1992,"FWA"
"2023",1993,"TLH"
"2024",1993,"LEX"
"2025",1993,"BGR"
"2026",1995,"CVG"
"2027",1995,"RAP"
"2028",1997,"SFO"
"2029",2000,"TVC"
"2030",2001,"SMF"
"2031",2001,"SLC"
"2032",2001,"ICT"
"2033",2003,"CLL"
"2034",2003,"MFE"
"2035",2004,"IDA"
"2036",2005,"SAV"
"2037",2005,"XNA"
"2038",2006,"FLG"
"2039",2006,"FSM"
"2040",2008,"MEM"
"2041",2008,"MEI"
"2042",1987,"LIH"
"2043",1987,"SBN"
"2044",1988,"ATL"
"2045",1988,"GSP"
"2046",1989,"LIT"
"2047",1990,"ABQ"
"2048",1990,"IAH"
"2049",1990,"BIL"
"2050",1991,"PIT"
"2051",1991,"KOA"
"2052",1992,"YUM"
"2053",1993,"CAE"
"2054",1993,"DAL"
"2055",1993,"KSM"
"2056",1994,"BWI"
"2057",1995,"PHL"
"2058",1996,"MSP"
"2059",1997,"GFK"
"2060",1998,"HOU"
"2061",1999,"AMA"
"2062",1999,"CHS"
"2063",2001,"BQN"
"2064",2002,"OKC"
"2065",2002,"DEN"
"2066",2003,"IAD"
"2067",2003,"COD"
"2068",2003,"SCC"
"2069",2005,"OMA"
"2070",2006,"BGM"
"2071",2006,"LCH"
"2072",2006,"ITO"
"2073",2007,"SRQ"
"2074",2008,"TUS"
"2075",2008,"CLL"
"2076",2008,"ACY"
"2077",1989,"SPN"
"2078",1990,"LAX"
"2079",1990,"GPT"
"2080",1991,"PWM"
"2081",1991,"SNA"
"2082",1991,"MFE"
"2083",1992,"SDF"
"2084",1992,"BIL"
"2085",1993,"GRR"
"2086",1993,"BIL"
"2087",1994,"SBN"
"2088",1995,"GSP"
"2089",1998,"LAX"
"2090",1998,"GRR"
"2091",1998,"GPT"
"2092",1999,"ORD"
"2093",1999,"DUT"
"2094",2001,"DUT"
"2095",2002,"CMI"
"2096",2004,"GUC"
"2097",2004,"ABY"
"2098",2005,"VPS"
"2099",2006,"SYR"
"2100",2007,"DBQ"
"2101",2008,"ORF"
"2102",2008,"MFR"
"2103",2008,"SJT"
"2104",1992,"MTJ"
"2105",1988,"SMF"
"2106",1988,"PIA"
"2107",1990,"ATL"
"2108",1990,"YUM"
"2109",1990,"YAP"
"2110",1991,"AUS"
"2111",1991,"SUX"
"2112",1993,"FWA"
"2113",1994,"CHA"
"2114",1997,"SLC"
"2115",1997,"MTJ"
"2116",2000,"GUC"
"2117",2001,"AUS"
"2118",2002,"CAK"
"2119",2002,"SBN"
"2120",2003,"RIC"
"2121",2003,"WYS"
"2122",2004,"PIA"
"2123",2004,"WRG"
"2124",2005,"AVL"
"2125",2005,"CLD"
"2126",2005,"IPL"
"2127",2005,"AEX"
"2128",2006,"AVL"
"2129",2008,"PVD"
"2130",2008,"SRQ"
"2131",2008,"ILM"
"2132",2008,"BJI"
"2133",1987,"CID"
"2134",1988,"AUS"
"2135",1990,"ORD"
"2136",1990,"PUB"
"2137",1992,"AVP"
"2138",1992,"SUX"
"2139",1993,"GSO"
"2140",1996,"OMA"
"2141",1997,"TOL"
"2142",1997,"STT"
"2143",1998,"LFT"
"2144",1999,"CAE"
"2145",2001,"RNO"
"2146",2002,"BUF"
"2147",2002,"GPT"
"2148",2004,"AVL"
"2149",2006,"CLD"
"2150",2007,"ROC"
"2151",2007,"GTF"
"2152",2008,"GCC"
"2153",1987,"UCA"
"2154",1988,"SDF"
"2155",1990,"PNS"
"2156",1991,"PFN"
"2157",1992,"MAF"
"2158",1995,"AUS"
"2159",1995,"MLB"
"2160",1996,"GTF"
"2161",1996,"TLH"
"2162",1997,"ALB"
"2163",1997,"HPN"
"2164",1998,"ONT"
"2165",1998,"MSO"
"2166",1998,"HDN"
"2167",1999,"PBI"
"2168",2001,"SBN"
"2169",2001,"JAN"
"2170",2001,"SHV"
"2171",2003,"SJU"
"2172",2003,"RDD"
"2173",2004,"SMF"
"2174",2005,"LGB"
"2175",2006,"PWM"
"2176",2007,"SAN"
"2177",2007,"SJC"
"2178",2007,"FAT"
"2179",2007,"FSD"
"2180",2007,"BIL"
"2181",2008,"MCO"
"2182",2008,"BHM"
"2183",2008,"GPT"
"2184",2008,"SMX"
"2185",2008,"RHI"
"2186",1987,"ONT"
"2187",1987,"SRQ"
"2188",1988,"HRL"
"2189",1989,"GJT"
"2190",1990,"TYS"
"2191",1991,"ALB"
"2192",1991,"GRB"
"2193",1992,"LAX"
"2194",1992,"CRW"
"2195",1992,"YAK"
"2196",1993,"DAB"
"2197",1993,"SBA"
"2198",1995,"BIL"
"2199",1996,"SAT"
"2200",1997,"ADQ"
"2201",1998,"BIS"
"2202",1999,"DLH"
"2203",1999,"DRO"
"2204",2001,"BGM"
"2205",2001,"EGE"
"2206",2003,"CMI"
"2207",2004,"ELP"
"2208",2004,"SPS"
"2209",2005,"FWA"
"2210",2005,"PSC"
"2211",2005,"BMI"
"2212",2006,"PHX"
"2213",2006,"ATW"
"2214",2007,"SCE"
"2215",1988,"DFW"
"2216",1990,"MHT"
"2217",1991,"CSG"
"2218",1992,"PNS"
"2219",1993,"CHS"
"2220",1993,"ANC"
"2221",1994,"MOB"
"2222",1994,"SCC"
"2223",1996,"RSW"
"2224",1997,"SAN"
"2225",1997,"MDW"
"2226",1998,"MEM"
"2227",1998,"FAT"
"2228",1998,"ABQ"
"2229",1998,"TRI"
"2230",2000,"IND"
"2231",2000,"PIA"
"2232",2002,"PSP"
"2233",2003,"BQK"
"2234",2004,"FNT"
"2235",2007,"BTV"
"2236",2007,"LEX"
"2237",2007,"CDV"
"2238",2008,"BPT"
"2239",2008,"CDC"
"2240",1987,"SAN"
"2241",1988,"DAL"
"2242",1989,"SLC"
"2243",1990,"BGR"
"2244",1992,"SAT"
"2245",1992,"SBA"
"2246",1995,"CLE"
"2247",1996,"DEN"
"2248",1996,"MHT"
"2249",1997,"PHL"
"2250",1998,"OMA"
"2251",1998,"SRQ"
"2252",1999,"EUG"
"2253",2000,"SUX"
"2254",2002,"MSP"
"2255",2002,"HPN"
"2256",2002,"PIA"
"2257",2003,"LYH"
"2258",2004,"AEX"
"2259",2004,"GGG"
"2260",2005,"LSE"
"2261",2006,"DCA"
"2262",2006,"JAN"
"2263",2007,"CHO"
"2264",2008,"GSP"
"2265",2008,"FWA"
"2266",2008,"RAP"
"2267",1987,"JNU"
"2268",1989,"GST"
"2269",1990,"CCR"
"2270",1990,"SGF"
"2271",1993,"LGA"
"2272",1993,"BTV"
"2273",1993,"BDL"
"2274",1993,"HDN"
"2275",1998,"BOS"
"2276",2001,"FNT"
"2277",2001,"MLB"
"2278",2001,"MQT"
"2279",2002,"CLT"
"2280",2002,"PWM"
"2281",2002,"ONT"
"2282",2002,"BOI"
"2283",2004,"SNA"
"2284",2004,"KOA"
"2285",2004,"BRW"
"2286",2005,"SBN"
"2287",2006,"MCI"
"2288",2006,"SBN"
"2289",2008,"PLN"
"2290",1988,"BZN"
"2291",1989,"BGR"
"2292",1991,"HSV"
"2293",1993,"OTZ"
"2294",1994,"SAV"
"2295",1994,"EVV"
"2296",1994,"AZO"
"2297",1996,"TYS"
"2298",1997,"HRL"
"2299",1997,"BRO"
"2300",1998,"CHA"
"2301",1998,"LIH"
"2302",2000,"TUL"
"2303",2001,"MAF"
"2304",2002,"PNS"
"2305",2002,"BQN"
"2306",2004,"OGD"
"2307",2005,"RDU"
"2308",2005,"IDA"
"2309",2006,"PHL"
"2310",2006,"ADQ"
"2311",2008,"JAN"
"2312",1987,"ANC"
"2313",1987,"PFN"
"2314",1991,"TYS"
"2315",1992,"STX"
"2316",1993,"EWR"
"2317",1994,"BOI"
"2318",1994,"DUT"
"2319",1995,"AZO"
"2320",1995,"SPN"
"2321",1996,"MCO"
"2322",1996,"RAP"
"2323",1997,"DEN"
"2324",1997,"FAR"
"2325",1998,"FNT"
"2326",2001,"GST"
"2327",2003,"GSO"
"2328",2003,"HLN"
"2329",2005,"SCE"
"2330",2006,"MGM"
"2331",2006,"GRR"
"2332",2006,"GPT"
"2333",2007,"RNO"
"2334",2008,"ATL"
"2335",1988,"LAS"
"2336",1989,"HSV"
"2337",1990,"GST"
"2338",1992,"TLH"
"2339",1992,"HRL"
"2340",1995,"BGR"
"2341",1997,"ISP"
"2342",1998,"BET"
"2343",1998,"ACK"
"2344",1999,"SJC"
"2345",2000,"BTV"
"2346",2000,"MSO"
"2347",2001,"ORD"
"2348",2001,"MBS"
"2349",2002,"LFT"
"2350",2003,"CRP"
"2351",2003,"JAN"
"2352",2004,"CID"
"2353",2005,"MAF"
"2354",2008,"SAT"
"2355",2008,"STT"
"2356",2005,"PVU"
"2357",1988,"BTR"
"2358",1988,"BTM"
"2359",1989,"MOB"
"2360",1990,"LAN"
"2361",1991,"PHL"
"2362",1991,"MKE"
"2363",1992,"SJU"
"2364",1993,"RDU"
"2365",1994,"TVC"
"2366",1994,"LNK"
"2367",1995,"SLC"
"2368",1995,"MBS"
"2369",1995,"SIT"
"2370",1995,"CSG"
"2371",1996,"MAF"
"2372",1997,"ABQ"
"2373",1997,"LGB"
"2374",1997,"PHX"
"2375",1998,"CID"
"2376",1999,"CMH"
"2377",1999,"CAK"
"2378",1999,"JAX"
"2379",2000,"ITH"
"2380",2002,"SDF"
"2381",2002,"CLL"
"2382",2004,"ILM"
"2383",2004,"YUM"
"2384",2006,"VLD"
"2385",2007,"PSG"
"2386",2008,"BTR"
"2387",2008,"HTS"
"2388",1988,"CPR"
"2389",1990,"CRW"
"2390",1990,"BHM"
"2391",1990,"SAT"
"2392",1990,"GTF"
"2393",1991,"SFO"
"2394",1991,"CAK"
"2395",1991,"BET"
"2396",1992,"AKN"
"2397",1994,"EUG"
"2398",1995,"ERI"
"2399",1999,"RSW"
"2400",1999,"CLT"
"2401",1999,"MFR"
"2402",2001,"BUF"
"2403",2001,"ATL"
"2404",2001,"IND"
"2405",2001,"GPT"
"2406",2002,"PBI"
"2407",2002,"SYR"
"2408",2003,"MLI"
"2409",2004,"STL"
"2410",2004,"MGM"
"2411",2005,"FSD"
"2412",2006,"LRD"
"2413",2006,"BQK"
"2414",2007,"TWF"
"2415",2008,"RSW"
"2416",2008,"SAN"
"2417",2008,"LGB"
"2418",2008,"KOA"
"2419",2008,"SGF"
"2420",2008,"GGG"
"2421",1989,"OAJ"
"2422",1990,"ILM"
"2423",1992,"ERI"
"2424",1993,"BUF"
"2425",1994,"FCA"
"2426",2000,"FAT"
"2427",2001,"DCA"
"2428",2001,"DRO"
"2429",2002,"BNA"
"2430",2002,"EYW"
"2431",2002,"HNL"
"2432",2002,"BIL"
"2433",2003,"CLT"
"2434",2004,"PHX"
"2435",2004,"CMI"
"2436",2006,"ANC"
"2437",2006,"SBP"
"2438",2007,"LBB"
"2439",2007,"ATW"
"2440",2008,"SAV"
"2441",2008,"DLG"
"2442",1988,"CMI"
"2443",1988,"ILM"
"2444",1989,"AZO"
"2445",1990,"PHF"
"2446",1991,"ICT"
"2447",1992,"RIC"
"2448",1993,"CHA"
"2449",1994,"BDL"
"2450",1995,"FAT"
"2451",1996,"DFW"
"2452",1997,"HOU"
"2453",1997,"WRG"
"2454",1997,"SHV"
"2455",1999,"AUS"
"2456",1999,"ELM"
"2457",1999,"BGR"
"2458",1999,"RST"
"2459",2000,"OKC"
"2460",2000,"MDT"
"2461",2000,"SGF"
"2462",2001,"SDF"
"2463",2001,"HOU"
"2464",2001,"HNL"
"2465",2004,"ICT"
"2466",2005,"ANC"
"2467",2005,"CLL"
"2468",2006,"EGE"
"2469",2006,"AMA"
"2470",2006,"MSO"
"2471",2006,"IYK"
"2472",2008,"LYH"
"2473",2008,"ACT"
"2474",1987,"JAX"
"2475",1987,"BHM"
"2476",1988,"ORF"
"2477",1988,"CRW"
"2478",1989,"DLH"
"2479",1990,"PVD"
"2480",1991,"ROP"
"2481",1992,"CLE"
"2482",1993,"DAY"
"2483",1993,"TYS"
"2484",1993,"ROR"
"2485",1995,"FLL"
"2486",1995,"TOL"
"2487",1995,"GRB"
"2488",1996,"TOL"
"2489",1997,"IAH"
"2490",1998,"ORD"
"2491",1998,"PSP"
"2492",2001,"ROA"
"2493",2002,"PHX"
"2494",2004,"CHO"
"2495",2006,"BUF"
"2496",2006,"OTZ"
"2497",2007,"CHS"
"2498",2008,"GFK"
"2499",1987,"SAT"
"2500",1987,"HSV"
"2501",1987,"FAY"
"2502",1987,"OME"
"2503",1994,"DRO"
"2504",1988,"GUC"
"2505",1989,"MGM"
"2506",1990,"BTV"
"2507",1990,"IDA"
"2508",1990,"ROR"
"2509",1994,"EGE"
"2510",1997,"SMF"
"2511",1999,"SYR"
"2512",1999,"BTR"
"2513",1999,"CRP"
"2514",2000,"CVG"
"2515",2000,"HDN"
"2516",2000,"MTJ"
"2517",2001,"RIC"
"2518",2001,"STX"
"2519",2001,"GEG"
"2520",2001,"GRB"
"2521",2001,"DLG"
"2522",2003,"SGF"
"2523",2003,"TRI"
"2524",2005,"PHX"
"2525",2007,"JAX"
"2526",2007,"TRI"
"2527",2008,"STL"
"2528",2008,"RDD"
"2529",2008,"TOL"
"2530",2008,"EYW"
"2531",1987,"RNO"
"2532",1989,"PDX"
"2533",1989,"PIA"
"2534",1990,"HPN"
"2535",1991,"HOU"
"2536",1993,"TUS"
"2537",1997,"CLT"
"2538",2000,"LAN"
"2539",2001,"MOT"
"2540",2002,"MOT"
"2541",2002,"BMI"
"2542",2006,"FLL"
"2543",2006,"MOD"
"2544",2008,"TYR"
"2545",1987,"CMI"
"2546",1988,"ABE"
"2547",1991,"ELM"
"2548",1991,"PIA"
"2549",1993,"TRI"
"2550",1994,"PHX"
"2551",1994,"OAK"
"2552",1996,"TPA"
"2553",1997,"OME"
"2554",1998,"AVP"
"2555",1999,"HSV"
"2556",2002,"OMA"
"2557",2003,"BOS"
"2558",2004,"AKN"
"2559",2005,"DRO"
"2560",2006,"HTS"
"2561",2007,"LAN"
"2562",2007,"BLI"
"2563",1987,"MBS"
"2564",1987,"ELM"
"2565",1988,"TRI"
"2566",1989,"MLB"
"2567",1991,"MYR"
"2568",1991,"CRP"
"2569",1993,"HTS"
"2570",1993,"PSE"
"2571",1994,"CRP"
"2572",1995,"VPS"
"2573",1995,"DRO"
"2574",1997,"FAT"
"2575",1997,"CAE"
"2576",1998,"SHV"
"2577",1998,"CRP"
"2578",1999,"FAI"
"2579",2000,"ORD"
"2580",2002,"SAV"
"2581",2004,"GSP"
"2582",2004,"BTM"
"2583",2005,"CMH"
"2584",2005,"LWS"
"2585",2007,"ROW"
"2586",2008,"GRK"
"2587",1987,"IAD"
"2588",1988,"BIL"
"2589",1988,"LSE"
"2590",1989,"RIC"
"2591",1989,"TUS"
"2592",1989,"TVC"
"2593",1990,"GCN"
"2594",1991,"HRL"
"2595",1991,"LFT"
"2596",1992,"AZO"
"2597",1993,"AUS"
"2598",1993,"LNK"
"2599",1993,"DLG"
"2600",1995,"CRW"
"2601",1995,"MTJ"
"2602",1996,"HLN"
"2603",1998,"SJU"
"2604",1998,"EUG"
"2605",1999,"LAS"
"2606",2000,"FLL"
"2607",2001,"ACT"
"2608",2002,"LGA"
"2609",2004,"MSY"
"2610",2004,"CVG"
"2611",2005,"BWI"
"2612",2007,"PBI"
"2613",2007,"SCC"
"2614",2008,"MLI"
"2615",1987,"AUS"
"2616",1987,"GFK"
"2617",1988,"DEN"
"2618",1989,"ORD"
"2619",1989,"BWI"
"2620",1989,"PFN"
"2621",1990,"MCO"
"2622",1990,"CPR"
"2623",1990,"LFT"
"2624",1991,"SMF"
"2625",1991,"ILM"
"2626",1991,"LIT"
"2627",1991,"BIS"
"2628",1992,"LIT"
"2629",1995,"GTF"
"2630",1995,"HSV"
"2631",1997,"MIA"
"2632",1997,"MSP"
"2633",1998,"KOA"
"2634",1999,"ADQ"
"2635",2000,"SJU"
"2636",2000,"LWB"
"2637",2001,"LSE"
"2638",2002,"CMH"
"2639",2002,"LAN"
"2640",2003,"MBS"
"2641",2003,"LCH"
"2642",2004,"EWR"
"2643",2004,"TUS"
"2644",2004,"CHS"
"2645",2004,"AZO"
"2646",2004,"LWB"
"2647",2006,"MIA"
"2648",2006,"RIC"
"2649",1987,"LBB"
"2650",1987,"MAF"
"2651",1987,"YUM"
"2652",1987,"HTS"
"2653",1987,"APF"
"2654",1988,"SCK"
"2655",1988,"MCI"
"2656",1988,"CWA"
"2657",1989,"DET"
"2658",1992,"OME"
"2659",2001,"OME"
"2660",2003,"DAL"
"2661",2004,"ACK"
"2662",2005,"SWF"
"2663",2005,"HTS"
"2664",2005,"PNS"
"2665",2007,"AUS"
"2666",2007,"OGG"
"2667",2007,"WRG"
"2668",2008,"CID"
"2669",1987,"PIA"
"2670",1989,"BNA"
"2671",1990,"MRY"
"2672",1991,"MDW"
"2673",1991,"GUM"
"2674",1992,"SAN"
"2675",1994,"FSD"
"2676",1995,"ATL"
"2677",1995,"LNK"
"2678",1997,"BIS"
"2679",1998,"MSN"
"2680",1999,"MSO"
"2681",2000,"SYR"
"2682",2000,"JAX"
"2683",2001,"COS"
"2684",2001,"GGG"
"2685",2003,"BFF"
"2686",2004,"SMX"
"2687",2005,"JFK"
"2688",2005,"TUP"
"2689",2006,"CEC"
"2690",2008,"KTN"
"2691",2008,"YAK"
"2692",1987,"MLU"
"2693",1988,"ELM"
"2694",1990,"MYR"
"2695",1990,"HTS"
"2696",1991,"FNT"
"2697",1992,"LGA"
"2698",1994,"LSE"
"2699",1995,"GRR"
"2700",1995,"ROA"
"2701",1995,"GEG"
"2702",1999,"SAV"
"2703",2000,"MKE"
"2704",2000,"PDX"
"2705",2000,"SEA"
"2706",2000,"HRL"
"2707",2002,"SMF"
"2708",2002,"ISP"
"2709",2003,"ACT"
"2710",2004,"IND"
"2711",2004,"ONT"
"2712",2006,"CHS"
"2713",2006,"HSV"
"2714",2006,"XNA"
"2715",2007,"CSG"
"2716",2007,"PIR"
"2717",2008,"SEA"
"2718",2008,"CIC"
"2719",2008,"FSM"
"2720",2008,"DBQ"
"2721",2008,"PUB"
"2722",2008,"ITH"
"2723",1987,"EUG"
"2724",1988,"CLT"
"2725",1989,"HDN"
"2726",1990,"GFK"
"2727",1991,"OGG"
"2728",1994,"GEG"
"2729",1996,"EWR"
"2730",1996,"FWA"
"2731",1997,"BDL"
"2732",1997,"FAY"
"2733",1998,"SMF"
"2734",1998,"ISP"
"2735",1998,"SWF"
"2736",1999,"SAN"
"2737",1999,"AGS"
"2738",2000,"CDV"
"2739",2001,"MDW"
"2740",2002,"CDV"
"2741",2003,"ATL"
"2742",2003,"BOI"
"2743",2003,"RST"
"2744",2003,"HSV"
"2745",2003,"MLU"
"2746",2004,"GRR"
"2747",2004,"MDT"
"2748",2004,"BUR"
"2749",2004,"SIT"
"2750",2006,"DBQ"
"2751",2007,"DEN"
"2752",2007,"ITO"
"2753",2007,"RDM"
"2754",2008,"EWR"
"2755",1987,"CLE"
"2756",2003,"LNY"
"2757",1990,"PBI"
"2758",1991,"BGM"
"2759",1991,"OAJ"
"2760",1991,"BIL"
"2761",1995,"DCA"
"2762",1995,"AGS"
"2763",1996,"EUG"
"2764",1996,"SCC"
"2765",1997,"MSO"
"2766",1998,"FAY"
"2767",1999,"LIT"
"2768",1999,"VPS"
"2769",2000,"BNA"
"2770",2000,"GPT"
"2771",2001,"SUX"
"2772",2001,"RST"
"2773",2003,"IND"
"2774",2005,"ILM"
"2775",2005,"FAR"
"2776",2006,"FAY"
"2777",2007,"SOP"
"2778",2007,"GLH"
"2779",1987,"RDU"
"2780",1987,"OTZ"
"2781",1988,"BWI"
"2782",1989,"OGG"
"2783",1989,"JAN"
"2784",1995,"MIA"
"2785",1995,"BFL"
"2786",1996,"OAK"
"2787",1997,"FWA"
"2788",1999,"SUX"
"2789",2000,"ONT"
"2790",2000,"SLC"
"2791",2001,"MYR"
"2792",2001,"PDX"
"2793",2002,"ICT"
"2794",2003,"OKC"
"2795",2004,"ANC"
"2796",2004,"TOL"
"2797",2005,"DSM"
"2798",2006,"JFK"
"2799",2007,"DCA"
"2800",2007,"MKC"
"2801",1987,"RSW"
"2802",1988,"MSY"
"2803",1988,"MOB"
"2804",1990,"BUR"
"2805",1990,"OKC"
"2806",1992,"PUB"
"2807",1994,"COD"
"2808",1995,"LIT"
"2809",1995,"BUF"
"2810",1995,"KSM"
"2811",1997,"DCA"
"2812",1998,"OAK"
"2813",2002,"BHM"
"2814",2003,"DEN"
"2815",2003,"MDW"
"2816",2003,"TOL"
"2817",2006,"HOU"
"2818",2007,"BNA"
"2819",2008,"SGU"
"2820",1987,"GUM"
"2821",1988,"JAN"
"2822",1989,"LSE"
"2823",1990,"STL"
"2824",1990,"CSG"
"2825",1993,"BFL"
"2826",1994,"DAL"
"2827",1995,"SEA"
"2828",1995,"HVN"
"2829",1998,"MFR"
"2830",1999,"BDL"
"2831",2000,"PSP"
"2832",2001,"CLT"
"2833",2001,"GFK"
"2834",2002,"FWA"
"2835",2003,"SJC"
"2836",2003,"CRW"
"2837",2004,"BPT"
"2838",2004,"SCC"
"2839",2005,"MSP"
"2840",2007,"GEG"
"2841",2007,"GPT"
"2842",2008,"YKM"
"2843",1987,"MDW"
"2844",1988,"TLH"
"2845",1990,"PIA"
"2846",1991,"LNK"
"2847",1991,"LIH"
"2848",1994,"CRW"
"2849",1995,"IAD"
"2850",1995,"GUC"
"2851",1995,"TVC"
"2852",1996,"LAS"
"2853",1997,"DUT"
"2854",2000,"DTW"
"2855",2000,"DAB"
"2856",2001,"LFT"
"2857",2002,"CHS"
"2858",2003,"IDA"
"2859",2004,"BGM"
"2860",2005,"AVP"
"2861",2006,"CLT"
"2862",2006,"MEM"
"2863",2007,"ADQ"
"2864",2008,"ROC"
"2865",2008,"SPI"
"2866",1987,"OGG"
"2867",1989,"BGM"
"2868",1989,"VPS"
"2869",1990,"CHO"
"2870",1991,"MCO"
"2871",1993,"JNU"
"2872",1994,"PSP"
"2873",1995,"ICT"
"2874",1995,"RNO"
"2875",1995,"MSO"
"2876",1996,"CHS"
"2877",1998,"ICT"
"2878",1998,"LEX"
"2879",1998,"PHX"
"2880",1999,"MAF"
"2881",2000,"ORF"
"2882",2000,"CRP"
"2883",2001,"TXK"
"2884",2002,"LIT"
"2885",2002,"GST"
"2886",2003,"GFK"
"2887",2003,"SJT"
"2888",2003,"ADK"
"2889",2004,"TWF"
"2890",2004,"CEC"
"2891",2005,"MIA"
"2892",2006,"PSP"
"2893",2006,"HPN"
"2894",2006,"PFN"
"2895",2007,"AGS"
"2896",2008,"SLC"
"2897",1987,"BZN"
"2898",1988,"DCA"
"2899",1989,"BTM"
"2900",1991,"ISP"
"2901",1991,"UCA"
"2902",1991,"HDN"
"2903",1993,"RNO"
"2904",1993,"ACY"
"2905",1994,"IND"
"2906",1994,"BTR"
"2907",1994,"JNU"
"2908",1996,"IND"
"2909",1996,"CRW"
"2910",1997,"ORD"
"2911",1998,"LGA"
"2912",1998,"LWB"
"2913",1999,"DEN"
"2914",2001,"CLE"
"2915",2001,"BNA"
"2916",2001,"MFR"
"2917",2002,"CLE"
"2918",2002,"MEM"
"2919",2002,"GRB"
"2920",2002,"MOB"
"2921",2003,"MLB"
"2922",2006,"HVN"
"2923",2007,"MDT"
"2924",2007,"BZN"
"2925",2008,"OKC"
"2926",2001,"MAZ"
"2927",2000,"BQN"
"2928",1989,"AVP"
"2929",1990,"GNV"
"2930",1991,"ROR"
"2931",1992,"MLB"
"2932",1993,"GSP"
"2933",1994,"CPR"
"2934",1994,"LGB"
"2935",1995,"IND"
"2936",1995,"MCI"
"2937",1995,"MRY"
"2938",1995,"MOT"
"2939",1996,"GFK"
"2940",1996,"BRO"
"2941",2000,"CLE"
"2942",2000,"SAN"
"2943",2000,"DLH"
"2944",2001,"MRY"
"2945",2002,"DAB"
"2946",2003,"BUR"
"2947",2004,"FAI"
"2948",2006,"CSG"
"2949",2007,"SJU"
"2950",2007,"SWF"
"2951",2008,"TPA"
"2952",2008,"BUR"
"2953",2008,"TXK"
"2954",2008,"MKG"
"2955",1987,"DRO"
"2956",1987,"FWA"
"2957",1987,"DLH"
"2958",1991,"MLU"
"2959",1992,"JFK"
"2960",1992,"MSN"
"2961",1992,"DEN"
"2962",1993,"MBS"
"2963",1993,"COS"
"2964",1995,"MSN"
"2965",1996,"ORF"
"2966",1996,"OGG"
"2967",1996,"DRO"
"2968",1997,"GSO"
"2969",2000,"AKN"
"2970",2000,"MYR"
"2971",2001,"AMA"
"2972",2001,"FCA"
"2973",2001,"OGG"
"2974",2001,"DBQ"
"2975",2002,"ABI"
"2976",2003,"MSO"
"2977",2005,"TUS"
"2978",2007,"OKC"
"2979",1988,"EWR"
"2980",1988,"SPN"
"2981",1989,"PNS"
"2982",1990,"JAX"
"2983",1991,"FWA"
"2984",1992,"SYR"
"2985",1992,"SCC"
"2986",1995,"SYR"
"2987",1995,"FAR"
"2988",2000,"PNS"
"2989",2002,"LBB"
"2990",2002,"BTR"
"2991",2006,"ABI"
"2992",2007,"IAD"
"2993",2007,"SYR"
"2994",2007,"MCN"
"2995",2007,"LWB"
"2996",2008,"CRP"
"2997",1987,"MLB"
"2998",1987,"CSG"
"2999",1989,"AGS"
"3000",1990,"PWM"
"3001",1990,"CHA"
"3002",1994,"AVL"
"3003",1996,"SWF"
"3004",1996,"SPN"
"3005",1996,"MYR"
"3006",1997,"OKC"
"3007",1997,"BTR"
"3008",1998,"PNS"
"3009",1999,"YAK"
"3010",2000,"OTZ"
"3011",2001,"CHS"
"3012",2002,"STX"
"3013",2002,"ABE"
"3014",2004,"SEA"
"3015",2004,"ORF"
"3016",2005,"ROC"
"3017",2005,"DAY"
"3018",2005,"SJC"
"3019",2005,"BTV"
"3020",2006,"PDX"
"3021",2006,"ABQ"
"3022",2006,"AEX"
"3023",2007,"ORF"
"3024",2007,"PVD"
"3025",2007,"DRO"
"3026",2008,"BWI"
"3027",2008,"VPS"
"3028",1987,"PBI"
"3029",1988,"BFI"
"3030",1988,"PVD"
"3031",1989,"KOA"
"3032",1989,"SYR"
"3033",1989,"STX"
"3034",1990,"DTW"
"3035",1990,"DEN"
"3036",1990,"FLG"
"3037",1992,"PWM"
"3038",1993,"PHL"
"3039",1993,"BTM"
"3040",1993,"HLN"
"3041",1994,"SYR"
"3042",1994,"RNO"
"3043",1994,"CDV"
"3044",1997,"PWM"
"3045",1997,"ROC"
"3046",1997,"CID"
"3047",1999,"DSM"
"3048",1999,"MGM"
"3049",2002,"PDX"
"3050",2002,"AGS"
"3051",2006,"RSW"
"3052",2006,"RDM"
"3053",2007,"TEX"
"3054",2007,"WYS"
"3055",2008,"FAY"
"3056",1987,"GRR"
"3057",1987,"LMT"
"3058",1987,"EYW"
"3059",1988,"SRQ"
"3060",1988,"ROC"
"3061",1989,"MOT"
"3062",1991,"ERI"
"3063",1992,"MDT"
"3064",1994,"ALB"
"3065",1995,"SFO"
"3066",1995,"JFK"
"3067",1995,"OAK"
"3068",1995,"TYS"
"3069",1996,"FCA"
"3070",1997,"EGE"
"3071",1998,"ITH"
"3072",1998,"BRW"
"3073",1999,"CVG"
"3074",1999,"BFL"
"3075",2000,"MEM"
"3076",2000,"SCC"
"3077",2002,"PVD"
"3078",2003,"MDT"
"3079",2003,"MOB"
"3080",2003,"ACY"
"3081",2005,"BUF"
"3082",2005,"IYK"
"3083",2005,"LWB"
"3084",2006,"BWI"
"3085",2007,"STL"
"3086",2007,"IAH"
"3087",2007,"BGM"
"3088",2007,"FSM"
"3089",1987,"HLN"
"3090",1987,"YAK"
"3091",1987,"WRG"
"3092",1988,"ONT"
"3093",1988,"BDL"
"3094",1988,"PIE"
"3095",1989,"SAV"
"3096",1989,"CHA"
"3097",1990,"SUX"
"3098",1995,"TRI"
"3099",1996,"PDX"
"3100",1996,"STX"
"3101",1996,"FAR"
"3102",1997,"JFK"
"3103",1997,"TUS"
"3104",1997,"TYS"
"3105",1998,"MDW"
"3106",1999,"PSP"
"3107",2002,"JNU"
"3108",2003,"LGA"
"3109",2003,"RDM"
"3110",2004,"SBN"
"3111",2005,"PWM"
"3112",2006,"RAP"
"3113",2006,"ACK"
"3114",2007,"MQT"
"3115",2008,"PFN"
"3116",2008,"EVV"
"3117",1987,"SBA"
"3118",1987,"GPT"
"3119",1987,"ITH"
"3120",1988,"ISP"
"3121",1988,"KTN"
"3122",1989,"FSD"
"3123",1990,"BGM"
"3124",1990,"AZO"
"3125",1992,"ICT"
"3126",1993,"STT"
"3127",1995,"ORD"
"3128",1996,"TUS"
"3129",1996,"BTV"
"3130",1997,"EWR"
"3131",1997,"GSP"
"3132",1997,"MBS"
"3133",1999,"DAY"
"3134",1999,"GRB"
"3135",2002,"MYR"
"3136",2003,"BMI"
"3137",2005,"ABE"
"3138",2005,"GJT"
"3139",2005,"ACV"
"3140",2006,"MFR"
"3141",2006,"TVC"
"3142",2007,"HRL"
"3143",2007,"MFE"
"3144",2007,"KTN"
"3145",2007,"MTH"
"3146",2008,"OXR"
"3147",1987,"SJU"
"3148",1990,"LIH"
"3149",1992,"SJC"
"3150",1993,"MTJ"
"3151",1993,"JAN"
"3152",1994,"MHT"
"3153",1994,"LEX"
"3154",1994,"MYR"
"3155",1994,"PHF"
"3156",1994,"FAI"
"3157",1995,"PSP"
"3158",1998,"MFE"
"3159",1999,"DLG"
"3160",2000,"BGM"
"3161",2000,"TLH"
"3162",2002,"SNA"
"3163",2004,"OME"
"3164",2005,"GUC"
"3165",2005,"OGD"
"3166",2006,"VPS"
"3167",2007,"RDU"
"3168",2007,"ERI"
"3169",2007,"SGU"
"3170",2007,"RHI"
"3171",1989,"AUS"
"3172",1989,"HPN"
"3173",1990,"EVV"
"3174",1992,"MSY"
"3175",1992,"RAP"
"3176",1992,"KSM"
"3177",1993,"LIT"
"3178",1996,"COS"
"3179",1996,"JAC"
"3180",1996,"MLB"
"3181",1996,"BQN"
"3182",1997,"MGM"
"3183",1997,"MAF"
"3184",1998,"MRY"
"3185",1998,"EGE"
"3186",1999,"SNA"
"3187",2000,"DFW"
"3188",2003,"BRO"
"3189",2004,"MOT"
"3190",2006,"LAX"
"3191",2006,"TTN"
"3192",2007,"DSM"
"3193",2007,"MSO"
"3194",2008,"SBA"
"3195",2008,"OTZ"
"3196",1987,"ROR"
"3197",1989,"ERI"
"3198",1991,"AVL"
"3199",1992,"BTV"
"3200",1992,"BET"
"3201",1993,"MEM"
"3202",1993,"HOU"
"3203",1993,"KOA"
"3204",1994,"LGA"
"3205",1994,"GRR"
"3206",1995,"SAN"
"3207",1995,"BOS"
"3208",1996,"RNO"
"3209",1997,"MKE"
"3210",1998,"ROC"
"3211",1998,"MYR"
"3212",1999,"STL"
"3213",1999,"GTF"
"3214",2000,"BOS"
"3215",2000,"DAL"
"3216",2001,"DFW"
"3217",2001,"ITO"
"3218",2002,"DFW"
"3219",2003,"FAI"
"3220",2004,"CHA"
"3221",2005,"MSY"
"3222",2008,"SBN"
"3223",1987,"ABQ"
"3224",1988,"CAE"
"3225",1988,"RDD"
"3226",1988,"SIT"
"3227",1989,"BLI"
"3228",1989,"CRP"
"3229",1989,"PIE"
"3230",1990,"JFK"
"3231",1990,"MSP"
"3232",1990,"TVC"
"3233",1991,"OTZ"
"3234",1991,"SIT"
"3235",1994,"HPN"
"3236",1994,"LBB"
"3237",1994,"MRY"
"3238",1996,"ALO"
"3239",1997,"PIT"
"3240",1997,"MHT"
"3241",1997,"TRI"
"3242",2000,"LIH"
"3243",2002,"PHL"
"3244",2002,"MCI"
"3245",2002,"GRR"
"3246",2002,"SUX"
"3247",2004,"HLN"
"3248",2004,"ACT"
"3249",2005,"STX"
"3250",2006,"SRQ"
"3251",2008,"ROA"
"3252",1989,"MRY"
"3253",1989,"AVL"
"3254",1990,"EWR"
"3255",1990,"AMA"
"3256",1990,"MSN"
"3257",1991,"EGE"
"3258",1993,"ILM"
"3259",1993,"ANI"
"3260",1994,"RIC"
"3261",1994,"ANI"
"3262",1995,"FWA"
"3263",1995,"CHS"
"3264",1995,"OGG"
"3265",1995,"BQN"
"3266",1999,"SLC"
"3267",2000,"LAS"
"3268",2001,"FLL"
"3269",2002,"DLG"
"3270",2003,"MSP"
"3271",2003,"MFR"
"3272",2003,"BGR"
"3273",2005,"SLC"
"3274",2005,"SDF"
"3275",2005,"GRB"
"3276",2007,"RIC"
"3277",2007,"GTR"
"3278",2007,"EWN"
"3279",2007,"YKM"
"3280",2008,"TRI"
"3281",1988,"PBI"
"3282",1989,"TPA"
"3283",1989,"YKM"
"3284",1990,"SFO"
"3285",1990,"DFW"
"3286",1991,"OAK"
"3287",1994,"SAT"
"3288",1994,"ELP"
"3289",1994,"MLU"
"3290",1995,"SHV"
"3291",1995,"SUX"
"3292",1996,"LSE"
"3293",1996,"GNV"
"3294",1997,"FLL"
"3295",1997,"BET"
"3296",1998,"HNL"
"3297",2001,"MKE"
"3298",2001,"BOS"
"3299",2001,"SGF"
"3300",2002,"AVP"
"3301",2002,"SEA"
"3302",2004,"LAS"
"3303",2004,"IAH"
"3304",2004,"DLH"
"3305",2004,"TLH"
"3306",2005,"FLO"
"3307",2006,"MDW"
"3308",2006,"PIA"
"3309",2007,"SAV"
"3310",2007,"MEM"
"3311",2008,"COD"
"3312",1987,"BOI"
"3313",1988,"SLC"
"3314",1988,"ERI"
"3315",1988,"OAJ"
"3316",1989,"PHX"
"3317",1990,"TOL"
"3318",1990,"MAF"
"3319",1993,"SLC"
"3320",1994,"PWM"
"3321",1995,"PVD"
"3322",1996,"OME"
"3323",1997,"DTW"
"3324",1999,"IND"
"3325",2000,"ELP"
"3326",2000,"ALB"
"3327",2001,"OTZ"
"3328",2002,"JAN"
"3329",2002,"LSE"
"3330",2003,"ICT"
"3331",2003,"BNA"
"3332",2003,"BTM"
"3333",2004,"OMA"
"3334",2004,"FCA"
"3335",2005,"PFN"
"3336",2006,"GSO"
"3337",1987,"MCI"
"3338",1987,"PVD"
"3339",1988,"GRR"
"3340",1989,"ROC"
"3341",1989,"JAX"
"3342",1989,"ICT"
"3343",1990,"CLT"
"3344",1992,"MFR"
"3345",1994,"PBI"
"3346",1994,"CLE"
"3347",1994,"TUS"
"3348",1994,"BTM"
"3349",2000,"BIS"
"3350",2000,"BRO"
"3351",2001,"ABQ"
"3352",2002,"SHV"
"3353",2003,"MHT"
"3354",2004,"LBB"
"3355",2005,"ABI"
"3356",2005,"YAK"
"3357",1990,"AVL"
"3358",1990,"STX"
"3359",1991,"ORH"
"3360",1991,"COS"
"3361",1992,"RSW"
"3362",1992,"EUG"
"3363",1993,"ICT"
"3364",1995,"LFT"
"3365",1996,"IAD"
"3366",1996,"SBA"
"3367",1998,"FSD"
"3368",2001,"TRI"
"3369",2003,"PVD"
"3370",2004,"BTR"
"3371",2004,"FAY"
"3372",2005,"BIL"
"3373",2006,"BLI"
"3374",2007,"CID"
"3375",2007,"YAK"
"3376",2008,"ORD"
"3377",1987,"MFR"
"3378",1988,"ROP"
"3379",1988,"BUR"
"3380",1988,"CCR"
"3381",1988,"FAY"
"3382",1989,"DAB"
"3383",1991,"OKC"
"3384",1991,"GJT"
"3385",1994,"TPA"
"3386",1994,"OMA"
"3387",1994,"BFL"
"3388",1995,"TUL"
"3389",1998,"JFK"
"3390",1998,"SJC"
"3391",1998,"FLL"
"3392",2000,"FWA"
"3393",2002,"SLC"
"3394",2002,"LAS"
"3395",2003,"SLC"
"3396",2003,"ORF"
"3397",2004,"LNY"
"3398",2005,"RNO"
"3399",2005,"ATW"
"3400",2005,"CIC"
"3401",2005,"EYW"
"3402",2005,"ADQ"
"3403",2006,"ELP"
"3404",2006,"GGG"
"3405",1988,"AGS"
"3406",1989,"SAN"
"3407",1990,"EUG"
"3408",1991,"MEM"
"3409",1991,"MBS"
"3410",1991,"HLN"
"3411",1993,"BIS"
"3412",1995,"BET"
"3413",1996,"SHV"
"3414",1996,"SJU"
"3415",1997,"STL"
"3416",1999,"WRG"
"3417",2001,"TYR"
"3418",2002,"MHT"
"3419",2002,"DSM"
"3420",2002,"AZO"
"3421",2003,"SYR"
"3422",2003,"PWM"
"3423",2003,"MOD"
"3424",2003,"CAK"
"3425",2005,"RSW"
"3426",2005,"ERI"
"3427",2006,"CRP"
"3428",2006,"COS"
"3429",2006,"EKO"
"3430",2006,"PSC"
"3431",2007,"CRP"
"3432",2007,"GRR"
"3433",2007,"CLD"
"3434",2008,"PHX"
"3435",2008,"BTV"
"3436",2008,"CAE"
"3437",1987,"CHO"
"3438",1988,"ORD"
"3439",1988,"DLH"
"3440",1988,"SHV"
"3441",1991,"BLI"
"3442",1991,"EUG"
"3443",1992,"SMF"
"3444",1992,"AVL"
"3445",1993,"ROC"
"3446",1997,"OGG"
"3447",1998,"SBN"
"3448",1999,"BGM"
"3449",2001,"CMH"
"3450",2001,"ORH"
"3451",2003,"ABY"
"3452",2004,"IYK"
"3453",2004,"EUG"
"3454",2005,"TRI"
"3455",2006,"SJU"
"3456",2007,"HLN"
"3457",2008,"MAF"
"3458",2008,"PHL"
"3459",2008,"LRD"
"3460",1987,"IAH"
"3461",1987,"ELP"
"3462",1988,"LAN"
"3463",1989,"ACY"
"3464",1989,"LFT"
"3465",1990,"PDX"
"3466",1990,"FAR"
"3467",1991,"LBB"
"3468",1991,"DSM"
"3469",1992,"FAR"
"3470",1992,"GST"
"3471",1993,"BNA"
"3472",1993,"DET"
"3473",1993,"OAK"
"3474",1995,"PNS"
"3475",1996,"CLT"
"3476",1996,"PBI"
"3477",1997,"PNS"
"3478",1999,"CHA"
"3479",2001,"MTJ"
"3480",2002,"FSD"
"3481",2004,"MDW"
"3482",2004,"LNK"
"3483",2005,"TUL"
"3484",2006,"CAE"
"3485",2006,"SGF"
"3486",2007,"COD"
"3487",2008,"AVL"
"3488",2008,"GST"
"3489",1987,"MSP"
"3490",1987,"VPS"
"3491",1988,"ELP"
"3492",1990,"RIC"
"3493",1990,"ISO"
"3494",1991,"CMI"
"3495",1992,"ACY"
"3496",1992,"CID"
"3497",1992,"KOA"
"3498",1993,"MLI"
"3499",1993,"GUC"
"3500",1995,"SDF"
"3501",1995,"TWF"
"3502",1996,"SAN"
"3503",1997,"LGA"
"3504",1997,"FNT"
"3505",1999,"ANC"
"3506",1999,"SRQ"
"3507",2001,"ERI"
"3508",2001,"OAK"
"3509",2001,"HDN"
"3510",2001,"XNA"
"3511",2002,"FAR"
"3512",2003,"DCA"
"3513",2004,"CLE"
"3514",2004,"PSC"
"3515",2005,"EWR"
"3516",2005,"EKO"
"3517",2006,"JAX"
"3518",2006,"SPI"
"3519",2006,"MFE"
"3520",2006,"BRW"
"3521",2007,"SMF"
"3522",2007,"RSW"
"3523",2007,"ICT"
"3524",2007,"MIA"
"3525",2008,"ABY"
"3526",1988,"ISO"
"3527",1988,"GUM"
"3528",1990,"JNU"
"3529",1991,"AVP"
"3530",1991,"TUS"
"3531",1992,"LIH"
"3532",1994,"GJT"
"3533",1995,"MFR"
"3534",1996,"MBS"
"3535",1996,"LAN"
"3536",1997,"GNV"
"3537",1999,"ELP"
"3538",1999,"JFK"
"3539",1999,"PDX"
"3540",1999,"LWB"
"3541",2001,"MCO"
"3542",2003,"EWR"
"3543",2004,"LSE"
"3544",2005,"TLH"
"3545",2006,"ROC"
"3546",2006,"SMF"
"3547",2006,"LEX"
"3548",2006,"GTR"
"3549",2006,"MEI"
"3550",2008,"LIT"
"3551",2008,"BRO"
"3552",2008,"ITO"
"3553",1987,"ATL"
"3554",1988,"CID"
"3555",1988,"GRB"
"3556",1988,"AZO"
"3557",1991,"MSP"
"3558",1992,"DSM"
"3559",1992,"DAL"
"3560",1993,"STL"
"3561",1993,"HRL"
"3562",1993,"LFT"
"3563",1994,"MSP"
"3564",1996,"DTW"
"3565",1997,"SJC"
"3566",1998,"LGB"
"3567",1998,"IDA"
"3568",1999,"AVP"
"3569",2001,"OKC"
"3570",2001,"SJT"
"3571",2002,"ORF"
"3572",2003,"MOT"
"3573",2003,"GSP"
"3574",2004,"SBA"
"3575",2004,"MFE"
"3576",2005,"CLT"
"3577",2006,"BMI"
"3578",2006,"ABY"
"3579",2007,"SNA"
"3580",1987,"MCO"
"3581",1988,"DAB"
"3582",1992,"RNO"
"3583",1992,"MBS"
"3584",1993,"MGM"
"3585",1995,"MLU"
"3586",1996,"DCA"
"3587",1997,"LAN"
"3588",2000,"BOI"
"3589",2001,"VPS"
"3590",2002,"MTJ"
"3591",2003,"IAH"
"3592",2003,"SCE"
"3593",2003,"SUX"
"3594",2004,"ISP"
"3595",2005,"RST"
"3596",2005,"GGG"
"3597",2006,"CRW"
"3598",2006,"SCE"
"3599",2006,"TXK"
"3600",2007,"LAX"
"3601",2008,"AUS"
"3602",1987,"LGB"
"3603",1987,"JFK"
"3604",1987,"MSO"
"3605",1987,"CHA"
"3606",1989,"EGE"
"3607",1989,"MEM"
"3608",1989,"FNT"
"3609",1990,"TUL"
"3610",1991,"LSE"
"3611",1991,"BFL"
"3612",1992,"ORD"
"3613",1992,"ANI"
"3614",1993,"ISP"
"3615",1993,"IDA"
"3616",1994,"RAP"
"3617",1994,"SLC"
"3618",1994,"PSG"
"3619",1995,"OKC"
"3620",1996,"AGS"
"3621",1997,"HNL"
"3622",1998,"AUS"
"3623",1998,"ELP"
"3624",1998,"BUF"
"3625",1998,"GSP"
"3626",1999,"BWI"
"3627",2000,"MIB"
"3628",2001,"IAD"
"3629",2001,"SNA"
"3630",2003,"DLH"
"3631",2003,"LSE"
"3632",2003,"GTR"
"3633",2003,"DUT"
"3634",2005,"CLE"
"3635",2005,"CID"
"3636",2005,"TVC"
"3637",2006,"BQN"
"3638",2008,"HOU"
"3639",2008,"OAJ"
"3640",1987,"FLG"
"3641",1988,"ITH"
"3642",1989,"SDF"
"3643",1991,"JFK"
"3644",1991,"EYW"
"3645",1992,"ILM"
"3646",1993,"LGB"
"3647",1994,"MLB"
"3648",1994,"LAX"
"3649",1994,"HSV"
"3650",1995,"BWI"
"3651",1996,"GRB"
"3652",1999,"BOS"
"3653",2001,"SAT"
"3654",2004,"ATL"
"3655",2006,"MKE"
"3656",2006,"EVV"
"3657",2007,"PHL"
"3658",2007,"SBN"
"3659",2007,"BRW"
"3660",2008,"RNO"
"3661",2008,"BDL"
"3662",2008,"AEX"
"3663",2008,"CEC"
"3664",2008,"PIR"
"3665",1987,"MSY"
"3666",1987,"GJT"
"3667",1989,"SJC"
"3668",1989,"GRR"
"3669",1990,"MEM"
"3670",1991,"DAB"
"3671",1993,"BRO"
"3672",1994,"BIL"
"3673",1994,"HDN"
"3674",1994,"BET"
"3675",1997,"CMH"
"3676",1998,"RIC"
"3677",1998,"DLH"
"3678",2002,"MFR"
"3679",2003,"FNT"
"3680",2003,"OGD"
"3681",2003,"BTR"
"3682",2004,"SAT"
"3683",2004,"PIH"
"3684",2004,"WYS"
"3685",2005,"SMF"
"3686",2005,"ELP"
"3687",2005,"LBB"
"3688",2005,"LAW"
"3689",2006,"CMI"
"3690",2006,"SPS"
"3691",2007,"BPT"
"3692",2007,"LCH"
"3693",2007,"PLN"
"3694",2008,"XNA"
"3695",2008,"MSN"
"3696",2008,"TUP"
"3697",1987,"ILG"
"3698",1987,"AVL"
"3699",1988,"BGR"
"3700",1989,"LAX"
"3701",1989,"TYS"
"3702",1989,"ITH"
"3703",1989,"ROP"
"3704",1990,"PSP"
"3705",1990,"ITH"
"3706",1992,"MOB"
"3707",1995,"ISP"
"3708",1995,"OAJ"
"3709",1996,"HOU"
"3710",1996,"PIT"
"3711",1999,"MSY"
"3712",1999,"ITH"
"3713",1999,"LSE"
"3714",2000,"ITO"
"3715",2001,"JAX"
"3716",2001,"CLL"
"3717",2001,"KTN"
"3718",2003,"FAY"
"3719",2005,"CHS"
"3720",2005,"AZO"
"3721",2005,"SCC"
"3722",2006,"MDT"
"3723",2006,"CHO"
"3724",2006,"IPL"
"3725",2006,"LAW"
"3726",2006,"DLH"
"3727",2007,"CVG"
"3728",2007,"ASE"
"3729",2007,"EVV"
"3730",2008,"FSD"
"3731",1987,"MEM"
"3732",1987,"SAV"
"3733",1988,"FWA"
"3734",1990,"MKE"
"3735",1991,"STL"
"3736",1991,"MAF"
"3737",1992,"HLN"
"3738",1992,"DRO"
"3739",1993,"MSN"
"3740",1993,"YAK"
"3741",1993,"BRW"
"3742",1994,"ROA"
"3743",1994,"BGM"
"3744",1994,"SGF"
"3745",1996,"IAH"
"3746",1996,"LIT"
"3747",1997,"DAY"
"3748",1999,"FAY"
"3749",2000,"BTR"
"3750",2002,"GEG"
"3751",2002,"BPT"
"3752",2003,"GEG"
"3753",2005,"DCA"
"3754",2006,"SAT"
"3755",2006,"ADK"
"3756",2007,"MYR"
"3757",1987,"SYR"
"3758",1987,"IND"
"3759",1987,"YAP"
"3760",1988,"SGF"
"3761",1988,"ORH"
"3762",1990,"MFR"
"3763",1990,"COS"
"3764",1991,"DLH"
"3765",1995,"MHT"
"3766",1997,"AKN"
"3767",1997,"LBB"
"3768",1998,"CHS"
"3769",2000,"CMH"
"3770",2001,"CRW"
"3771",2001,"APF"
"3772",2002,"ROC"
"3773",2002,"BZN"
"3774",2003,"ORD"
"3775",2003,"RAP"
"3776",2003,"FWA"
"3777",2003,"ACK"
"3778",2004,"XNA"
"3779",2006,"YAK"
"3780",2006,"GST"
"3781",2007,"AEX"
"3782",2007,"MSN"
"3783",2008,"SPS"
"3784",1987,"SHV"
"3785",1989,"DSM"
"3786",1989,"PSP"
"3787",1991,"JNU"
"3788",1999,"COS"
"3789",1999,"BET"
"3790",2000,"IAH"
"3791",2000,"JAC"
"3792",2001,"SRQ"
"3793",2002,"DCA"
"3794",2002,"GSP"
"3795",2004,"MLB"
"3796",2005,"GTF"
"3797",2006,"ABE"
"3798",2006,"MTJ"
"3799",2008,"MLU"
"3800",1991,"BQN"
"3801",1988,"BLI"
"3802",1989,"MBS"
"3803",1989,"MDT"
"3804",1989,"LNK"
"3805",1989,"PVD"
"3806",1991,"EWR"
"3807",1992,"LWB"
"3808",1993,"PSP"
"3809",1993,"CSG"
"3810",1993,"PSC"
"3811",1994,"ORD"
"3812",1994,"EWR"
"3813",1995,"RIC"
"3814",1995,"BIS"
"3815",1995,"AMA"
"3816",1996,"MRY"
"3817",1999,"TUL"
"3818",1999,"BZN"
"3819",2000,"MBS"
"3820",2000,"MAF"
"3821",2002,"ORH"
"3822",2003,"HPN"
"3823",2004,"BMI"
"3824",2005,"BGR"
"3825",2006,"TPA"
"3826",2006,"DAL"
"3827",2006,"SCC"
"3828",2007,"ISP"
"3829",2007,"TXK"
"3830",2008,"MTJ"
"3831",2008,"RDM"
"3832",1987,"ABE"
"3833",1988,"YAP"
"3834",1989,"PHF"
"3835",1990,"SJU"
"3836",1990,"YAK"
"3837",1992,"JAX"
"3838",1992,"GSO"
"3839",1995,"FNT"
"3840",1998,"MOT"
"3841",1999,"HRL"
"3842",1999,"FCA"
"3843",1999,"HDN"
"3844",2000,"SWF"
"3845",2000,"SAV"
"3846",2001,"PHL"
"3847",2001,"BZN"
"3848",2001,"SBA"
"3849",2001,"LGB"
"3850",2001,"BGR"
"3851",2003,"SRQ"
"3852",2003,"FAR"
"3853",2004,"OGG"
"3854",2006,"PSE"
"3855",2007,"IDA"
"3856",2007,"ACT"
"3857",2007,"ALO"
"3858",2007,"FAI"
"3859",2008,"LCH"
"3860",2008,"CLD"
"3861",2008,"CWA"
"3862",2008,"CHO"
"3863",2008,"ALO"
"3864",1990,"CHS"
"3865",1990,"BLI"
"3866",1992,"OMA"
"3867",1992,"MGM"
"3868",1992,"SPI"
"3869",1993,"ROA"
"3870",1993,"AMA"
"3871",1996,"PNS"
"3872",2001,"AVP"
"3873",2001,"BIL"
"3874",2002,"SBA"
"3875",2002,"AKN"
"3876",2003,"ONT"
"3877",2004,"CRW"
"3878",2005,"COS"
"3879",2005,"GST"
"3880",2006,"CMH"
"3881",2007,"HDN"
"3882",2007,"LAW"
"3883",2008,"ANC"
"3884",1987,"LAS"
"3885",1987,"TUS"
"3886",1988,"PSP"
"3887",1988,"FLL"
"3888",1989,"ISP"
"3889",1989,"PSG"
"3890",1990,"SLC"
"3891",1992,"KTN"
"3892",1992,"CDV"
"3893",1993,"CLT"
"3894",1995,"BRO"
"3895",1999,"MLB"
"3896",2000,"GSP"
"3897",2003,"GRB"
"3898",2005,"RAP"
"3899",2006,"ASE"
"3900",2008,"PSC"
"3901",2008,"RKS"
"3902",1988,"MEM"
"3903",1989,"SNA"
"3904",1989,"TOL"
"3905",1993,"SEA"
"3906",1993,"SGF"
"3907",1994,"RST"
"3908",1995,"MCO"
"3909",1996,"ROC"
"3910",1997,"BUR"
"3911",1997,"BGR"
"3912",1997,"DAL"
"3913",1997,"CRP"
"3914",1998,"GTF"
"3915",1998,"YAK"
"3916",1999,"SBA"
"3917",2000,"MSN"
"3918",2001,"JFK"
"3919",2001,"SWF"
"3920",2001,"CDV"
"3921",2002,"ELP"
"3922",2005,"SUN"
"3923",2006,"CWA"
"3924",2008,"RDU"
"3925",2008,"LIH"
"3926",2008,"PIA"
"3927",2008,"BET"
"3928",1987,"SMF"
"3929",1987,"SGF"
"3930",1987,"SUX"
"3931",1987,"AGS"
"3932",1987,"PIR"
"3933",1989,"COS"
"3934",1989,"GRB"
"3935",1991,"RIC"
"3936",1994,"COS"
"3937",1995,"LAX"
"3938",1997,"AUS"
"3939",1997,"COS"
"3940",1997,"SNA"
"3941",1998,"BHM"
"3942",1998,"PSG"
"3943",2000,"HPN"
"3944",2000,"KTN"
"3945",2000,"DSM"
"3946",2000,"ADQ"
"3947",2001,"HSV"
"3948",2001,"TYS"
"3949",2002,"TUL"
"3950",2002,"EVV"
"3951",2004,"BHM"
"3952",2004,"VCT"
"3953",2005,"BTM"
"3954",2005,"VIS"
"3955",2005,"MRY"
"3956",2006,"BOS"
"3957",2006,"CVG"
"3958",2006,"AZO"
"3959",2007,"ONT"
"3960",2007,"LIH"
"3961",2008,"GTF"
"3962",2008,"BQK"
"3963",1987,"FAI"
"3964",1987,"LAN"
"3965",1988,"IAH"
"3966",1988,"MBS"
"3967",1989,"SRQ"
"3968",1989,"ANC"
"3969",1990,"MBS"
"3970",1991,"PVD"
"3971",1991,"ELP"
"3972",1993,"CRW"
"3973",1994,"AGS"
"3974",1994,"TYS"
"3975",1996,"PVD"
"3976",1996,"MLI"
"3977",1997,"CAK"
"3978",1998,"BNA"
"3979",1998,"IND"
"3980",1998,"MCO"
"3981",1998,"FAI"
"3982",1999,"CDV"
"3983",2000,"BDL"
"3984",2002,"EGE"
"3985",2002,"LRD"
"3986",2005,"BUR"
"3987",2006,"MCO"
"3988",2006,"SJC"
"3989",2006,"SNA"
"3990",2007,"LAS"
"3991",2007,"MCI"
"3992",2008,"AZO"
"3993",1987,"DTW"
"3994",1989,"BIL"
"3995",1989,"LBB"
"3996",1991,"EVV"
"3997",1993,"SAN"
"3998",1993,"GRB"
"3999",1994,"JAX"
"4000",1995,"KOA"
"4001",1995,"SGF"
"4002",1996,"ANI"
"4003",1997,"IND"
"4004",1998,"ERI"
"4005",1999,"IAD"
"4006",1999,"MLI"
"4007",2000,"SFO"
"4008",2000,"FSD"
"4009",2001,"IAH"
"4010",2001,"LAS"
"4011",2001,"BRW"
"4012",2002,"IAD"
"4013",2004,"MKE"
"4014",2004,"RAP"
"4015",2005,"HRL"
"4016",2005,"YUM"
"4017",2006,"BFL"
"4018",2007,"TUL"
"4019",2008,"DAL"
"4020",2008,"MSP"
"4021",1987,"PSC"
"4022",1987,"MKE"
"4023",1987,"DSM"
"4024",1987,"AMA"
"4025",1988,"JAX"
"4026",1989,"MSP"
"4027",1992,"MDW"
"4028",1992,"CRP"
"4029",1993,"SWF"
"4030",1994,"BHM"
"4031",1994,"ABQ"
"4032",1994,"MGM"
"4033",1995,"IDA"
"4034",1997,"RAP"
"4035",1998,"BZN"
"4036",1998,"SUX"
"4037",1999,"ABQ"
"4038",2000,"RIC"
"4039",2000,"DUT"
"4040",2001,"MDT"
"4041",2001,"BOI"
"4042",2003,"CLE"
"4043",2004,"GRK"
"4044",2005,"IAD"
"4045",2005,"MSO"
"4046",2005,"VLD"
"4047",2006,"DFW"
"4048",2006,"CHA"
"4049",2006,"TYS"
"4050",2007,"LRD"
"4051",2007,"PFN"
"4052",2007,"LWS"
"4053",2007,"GFK"
"4054",2007,"JNU"
"4055",2008,"ONT"
"4056",2008,"ICT"
"4057",2008,"MGM"
"4058",1989,"TVL"
"4059",1990,"BUF"
"4060",1991,"BDL"
"4061",1991,"TOL"
"4062",1992,"IND"
"4063",1993,"TPA"
"4064",1993,"TOL"
"4065",1993,"FCA"
"4066",1995,"RDU"
"4067",1997,"PVD"
"4068",1997,"MSN"
"4069",1997,"LFT"
"4070",1999,"BUF"
"4071",1999,"JAN"
"4072",1999,"TLH"
"4073",2002,"MLI"
"4074",2003,"BDL"
"4075",2003,"HDN"
"4076",2003,"ANC"
"4077",2003,"MQT"
"4078",2004,"MEM"
"4079",2007,"SMX"
"4080",2008,"BFL"
"4081",2008,"EWN"
"4082",1987,"PSG"
"4083",1988,"MLU"
"4084",1989,"DAY"
"4085",1989,"SHV"
"4086",1990,"PSG"
"4087",1992,"BTR"
"4088",1993,"RSW"
"4089",1993,"KTN"
"4090",1993,"PSG"
"4091",1994,"FAY"
"4092",1996,"SJC"
"4093",1997,"SBN"
"4094",1998,"SAN"
"4095",1998,"PBI"
"4096",1998,"MLU"
"4097",1999,"ERI"
"4098",2001,"LIH"
"4099",2003,"WRG"
"4100",2005,"COD"
"4101",2007,"SJT"
"4102",2008,"FNT"
"4103",2008,"SUX"
"4104",1987,"MIA"
"4105",1987,"CLT"
"4106",1991,"TRI"
"4107",1991,"CPR"
"4108",1992,"FAT"
"4109",1993,"ORD"
"4110",1995,"IAH"
"4111",1995,"BTV"
"4112",1996,"TUL"
"4113",1996,"BWI"
"4114",1997,"MSY"
"4115",1998,"DAY"
"4116",2001,"GTF"
"4117",2004,"CRP"
"4118",2004,"FAR"
"4119",2004,"OXR"
"4120",2005,"GPT"
"4121",2006,"DLG"
"4122",2007,"BHM"
"4123",2007,"BTR"
"4124",2007,"OAJ"
"4125",1987,"TLH"
"4126",1987,"TVL"
"4127",1990,"ROP"
"4128",1989,"CAE"
"4129",1989,"GUM"
"4130",1991,"HNL"
"4131",1993,"EVV"
"4132",1993,"MCI"
"4133",1994,"ROC"
"4134",1994,"PDX"
"4135",1995,"DAL"
"4136",1996,"ICT"
"4137",1997,"CVG"
"4138",1997,"JAN"
"4139",1997,"DRO"
"4140",1999,"MIA"
"4141",2000,"MOB"
"4142",2000,"MLI"
"4143",2001,"TUL"
"4144",2001,"FSD"
"4145",2001,"CID"
"4146",2001,"GUC"
"4147",2001,"EYW"
"4148",2002,"DBQ"
"4149",2002,"KTN"
"4150",2003,"LGB"
"4151",2008,"LFT"
"4152",2008,"ATW"
"4153",2008,"YUM"
"4154",2008,"DLH"
"4155",2008,"WRG"
"4156",1987,"MRY"
"4157",1988,"RSW"
"4158",1990,"BOS"
"4159",1993,"BUR"
"4160",1994,"MDW"
"4161",1994,"ATL"
"4162",1998,"CAE"
"4163",1998,"DLG"
"4164",1999,"OAK"
"4165",1999,"MLU"
"4166",1999,"MDW"
"4167",2001,"PIT"
"4168",2001,"BDL"
"4169",2001,"ACY"
"4170",2002,"BTV"
"4171",2003,"VPS"
"4172",2005,"DLG"
"4173",2005,"ADK"
"4174",2005,"ACK"
"4175",2006,"MLU"
"4176",2007,"GGG"
"4177",2008,"MKE"
"4178",1987,"JAN"
"4179",1989,"SCK"
"4180",1989,"CSG"
"4181",1989,"OME"
"4182",1991,"PUB"
"4183",1991,"LGB"
"4184",1992,"DFW"
"4185",1992,"RST"
"4186",1993,"HSV"
"4187",1993,"FAY"
"4188",1994,"HOU"
"4189",1994,"MFR"
"4190",1995,"CMH"
"4191",1996,"MEM"
"4192",1996,"CAE"
"4193",1998,"LIT"
"4194",2000,"MDW"
"4195",2000,"LGA"
"4196",2000,"PBI"
"4197",2000,"PWM"
"4198",2000,"OME"
"4199",2000,"LBB"
"4200",2000,"MLB"
"4201",2001,"SCC"
"4202",2002,"DUT"
"4203",2003,"SNA"
"4204",2004,"BGR"
"4205",2005,"HOU"
"4206",2005,"MLU"
"4207",2006,"GUC"
"4208",2006,"LGB"
"4209",2006,"ROA"
"4210",2007,"ACV"
"4211",1987,"BFL"
"4212",1987,"MOT"
"4213",1987,"FNT"
"4214",1988,"LGB"
"4215",1988,"SUX"
"4216",1989,"LGA"
"4217",1991,"ORD"
"4218",1993,"LAS"
"4219",1993,"ERI"
"4220",1994,"WRG"
"4221",1997,"EUG"
"4222",1998,"RSW"
"4223",1998,"RST"
"4224",2003,"LRD"
"4225",2004,"ERI"
"4226",2005,"ABY"
"4227",2005,"LYH"
"4228",2006,"FAR"
"4229",2008,"SJC"
"4230",2008,"MOB"
"4231",1987,"DCA"
"4232",1987,"ORF"
"4233",1987,"FCA"
"4234",1987,"JAC"
"4235",1988,"UCA"
"4236",1989,"FAI"
"4237",1990,"GUC"
"4238",1991,"GCN"
"4239",1993,"FAI"
"4240",1993,"AKN"
"4241",1998,"ABE"
"4242",1998,"DSM"
"4243",1999,"FWA"
"4244",2000,"HOU"
"4245",2000,"GRB"
"4246",2002,"SJU"
"4247",2002,"FSM"
"4248",2003,"PHX"
"4249",2003,"TWF"
"4250",2004,"BOS"
"4251",2005,"MOT"
"4252",2005,"DBQ"
"4253",2007,"LIT"
"4254",1987,"MGM"
"4255",1991,"SPI"
"4256",1988,"MKE"
"4257",1988,"LBB"
"4258",1989,"HNL"
"4259",1990,"HRL"
"4260",1993,"MOT"
"4261",1994,"HTS"
"4262",1996,"CRP"
"4263",1998,"SYR"
"4264",2002,"HDN"
"4265",2003,"ABE"
"4266",2003,"IYK"
"4267",2004,"MIA"
"4268",2005,"TPA"
"4269",2006,"LBB"
"4270",2006,"MAF"
"4271",2006,"FAT"
"4272",2006,"GNV"
"4273",2007,"MGM"
"4274",2007,"PIH"
"4275",2007,"CPR"
"4276",2008,"FAT"
"4277",2008,"PHF"
"4278",2008,"JNU"
"4279",2004,"APF"
"4280",1987,"BGR"
"4281",1988,"VPS"
"4282",1992,"ROR"
"4283",1993,"JAX"
"4284",1993,"PNS"
"4285",1993,"SPI"
"4286",1994,"DTW"
"4287",1996,"BUF"
"4288",2001,"SEA"
"4289",2002,"ERI"
"4290",2003,"DTW"
"4291",2003,"MCI"
"4292",2003,"GTF"
"4293",2003,"YUM"
"4294",2004,"MSO"
"4295",2004,"ABI"
"4296",2004,"DLG"
"4297",2004,"CDV"
"4298",2005,"SAN"
"4299",2005,"JAX"
"4300",2005,"BIS"
"4301",2005,"CPR"
"4302",2006,"SWF"
"4303",2007,"MDW"
"4304",1987,"GNV"
"4305",1989,"OAK"
"4306",1989,"UCA"
"4307",1990,"AVP"
"4308",1990,"ATW"
"4309",1990,"BOI"
"4310",1990,"BET"
"4311",1992,"AGS"
"4312",1994,"HLN"
"4313",1995,"FSD"
"4314",2001,"MLI"
"4315",2003,"HOU"
"4316",2003,"OME"
"4317",2003,"SIT"
"4318",2004,"PDX"
"4319",2004,"LGA"
"4320",2004,"BUF"
"4321",2005,"RIC"
"4322",2005,"FNT"
"4323",2006,"AUS"
"4324",2007,"AMA"
"4325",2007,"OTZ"
"4326",1987,"LGA"
"4327",1987,"GRB"
"4328",1987,"BIS"
"4329",1988,"SJU"
"4330",1990,"BNA"
"4331",1991,"MDT"
"4332",1991,"DET"
"4333",1991,"FAR"
"4334",1992,"HTS"
"4335",1994,"DCA"
"4336",1994,"SJC"
"4337",1995,"ILM"
"4338",1996,"ALB"
"4339",1996,"MFR"
"4340",1996,"MSN"
"4341",1997,"BWI"
"4342",2000,"VPS"
"4343",2000,"STX"
"4344",2001,"CAK"
"4345",2001,"LWB"
"4346",2002,"TLH"
"4347",2003,"TUL"
"4348",2003,"XNA"
"4349",2003,"EYW"
"4350",2004,"MYR"
"4351",2004,"LAN"
"4352",2006,"SGU"
"4353",2006,"HKY"
"4354",2007,"BQK"
"4355",2007,"ACK"
"4356",2008,"SHV"
"4357",1988,"MLB"
"4358",1988,"ATW"
"4359",1989,"FLL"
"4360",1989,"BZN"
"4361",1990,"AGS"
"4362",1990,"PSC"
"4363",1991,"GEG"
"4364",1992,"BWI"
"4365",1992,"OAK"
"4366",1992,"ADQ"
"4367",1993,"SAV"
"4368",1995,"ITH"
"4369",1995,"JAX"
"4370",1995,"CDV"
"4371",1996,"HRL"
"4372",1997,"LIT"
"4373",1997,"AZO"
"4374",1998,"GEG"
"4375",1998,"PSC"
"4376",1998,"BRO"
"4377",2000,"GST"
"4378",2001,"SJU"
"4379",2001,"DEN"
"4380",2003,"DLG"
"4381",2004,"HTS"
"4382",2005,"APF"
"4383",1987,"PHX"
"4384",1988,"ABQ"
"4385",1988,"SAT"
"4386",1989,"MFE"
"4387",1990,"ELM"
"4388",1990,"MDW"
"4389",1992,"VPS"
"4390",1992,"BFL"
"4391",1993,"MCO"
"4392",1996,"SRQ"
"4393",1996,"DUT"
"4394",1999,"SIT"
"4395",2001,"GSO"
"4396",2001,"TOL"
"4397",2002,"OME"
"4398",2003,"FLL"
"4399",2004,"COS"
"4400",2004,"RDM"
"4401",2005,"MQT"
"4402",2007,"PDX"
"4403",2007,"PSP"
"4404",2007,"IYK"
"4405",2008,"CLE"
"4406",1987,"LSE"
"4407",1988,"GSO"
"4408",1988,"CLE"
"4409",1988,"BFL"
"4410",1990,"BDL"
"4411",1991,"CLT"
"4412",1992,"CSG"
"4413",1993,"MSO"
"4414",1994,"SRQ"
"4415",1995,"BUR"
"4416",1995,"DAY"
"4417",1997,"SCC"
"4418",1998,"MOB"
"4419",1999,"GSP"
"4420",2001,"EWR"
"4421",2001,"MIA"
"4422",2002,"BET"
"4423",2003,"MKE"
"4424",2003,"ELP"
"4425",2004,"BOI"
"4426",2004,"LRD"
"4427",2004,"ADK"
"4428",2005,"SNA"
"4429",2007,"FWA"
"4430",2007,"SPS"
"4431",2008,"MYR"
"4432",1987,"DAY"
"4433",1988,"MFR"
"4434",1989,"HOU"
"4435",1990,"SNA"
"4436",1991,"STT"
"4437",1991,"BOI"
"4438",1992,"PVD"
"4439",1992,"ROP"
"4440",1993,"MRY"
"4441",1995,"BDL"
"4442",1998,"RDU"
"4443",2000,"AMA"
"4444",2002,"OTZ"
"4445",2003,"BFL"
"4446",2004,"PVD"
"4447",2004,"SGU"
"4448",2005,"ONT"
"4449",2005,"GTR"
"4450",2006,"IAH"
"4451",2007,"CAE"
"4452",2007,"MLU"
"4453",1987,"PHL"
"4454",1989,"ORF"
"4455",1991,"MCI"
"4456",1992,"SHV"
"4457",1994,"DLH"
"4458",1995,"MSY"
"4459",1995,"CAE"
"4460",1995,"JAN"
"4461",1998,"CAK"
"4462",1998,"DAL"
"4463",1998,"OTZ"
"4464",2001,"RDU"
"4465",2001,"CHA"
"4466",2001,"FAR"
"4467",2001,"BRO"
"4468",2002,"MSY"
"4469",2002,"CAE"
"4470",2004,"SRQ"
"4471",2005,"DEN"
"4472",2005,"JAN"
"4473",2005,"DAB"
"4474",2005,"ACT"
"4475",2006,"TUL"
"4476",2007,"ILG"
"4477",2008,"OTH"
"4478",1987,"ILM"
"4479",1988,"SBN"
"4480",1989,"IAD"
"4481",1993,"FAR"
"4482",1993,"OME"
"4483",1995,"LGA"
"4484",1995,"PHF"
"4485",1996,"ACK"
"4486",1997,"ICT"
"4487",1997,"RDU"
"4488",1997,"DLH"
"4489",1997,"DLG"
"4490",1997,"LWB"
"4491",1998,"MHT"
"4492",2001,"DAY"
"4493",2001,"LEX"
"4494",2002,"DTW"
"4495",2002,"RST"
"4496",2002,"CID"
"4497",2002,"MAZ"
"4498",2002,"MFE"
"4499",2004,"CPR"
"4500",2007,"HOU"
"4501",2007,"VPS"
"4502",2007,"BMI"
"4503",2008,"CMH"
"4504",2008,"BGR"
"4505",2008,"FAR"
"4506",2008,"ADQ"
"4507",1987,"SNA"
"4508",1987,"RDM"
"4509",1988,"CRP"
"4510",1988,"IDA"
"4511",1990,"MIA"
"4512",1990,"MGM"
"4513",1991,"CRW"
"4514",1991,"PHX"
"4515",1991,"AMA"
"4516",1992,"GNV"
"4517",1992,"HDN"
"4518",1993,"SHV"
"4519",1994,"SWF"
"4520",1994,"RDU"
"4521",1994,"FWA"
"4522",1995,"LAN"
"4523",1995,"MAF"
"4524",1995,"SCC"
"4525",1996,"JFK"
"4526",1996,"SGF"
"4527",1996,"BTR"
"4528",1997,"HSV"
"4529",1998,"FAR"
"4530",1998,"MAF"
"4531",1999,"DAB"
"4532",1999,"BRW"
"4533",2001,"GRR"
"4534",2001,"ILE"
"4535",2002,"EWR"
"4536",2002,"DRO"
"4537",2003,"LAX"
"4538",2003,"LIH"
"4539",2003,"MAF"
"4540",2005,"PHF"
"4541",2006,"TOL"
"4542",2006,"LWS"
"4543",2006,"BPT"
"4544",2006,"GFK"
"4545",2008,"EGE"
"4546",1987,"CCR"
"4547",1988,"TUS"
"4548",1988,"PFN"
"4549",1990,"RSW"
"4550",1990,"ICT"
"4551",1990,"WRG"
"4552",1992,"OGG"
"4553",1993,"SUX"
"4554",1994,"JAN"
"4555",1995,"PHX"
"4556",1995,"SBA"
"4557",1998,"CRW"
"4558",1998,"TVC"
"4559",1999,"CLE"
"4560",1999,"EWR"
"4561",2000,"ILM"
"4562",2001,"BWI"
"4563",2001,"YAK"
"4564",2002,"AVL"
"4565",2002,"BGR"
"4566",2004,"SFO"
"4567",2004,"SAV"
"4568",2004,"GTR"
"4569",2005,"ORD"
"4570",2005,"RDD"
"4571",2006,"SMX"
"4572",2006,"MQT"
"4573",2007,"ABQ"
"4574",2007,"SDF"
"4575",2007,"HHH"
"4576",2008,"MCN"
"4577",1989,"RAP"
"4578",1991,"FLG"
"4579",1991,"EFD"
"4580",1992,"SEA"
"4581",1993,"LSE"
"4582",1994,"ICT"
"4583",1994,"DLG"
"4584",1996,"MOB"
"4585",1996,"LFT"
"4586",1997,"CRW"
"4587",1997,"AMA"
"4588",2000,"MSY"
"4589",2000,"STT"
"4590",2001,"BIS"
"4591",2002,"RSW"
"4592",2002,"SBP"
"4593",2003,"CHS"
"4594",2003,"SGU"
"4595",2003,"MCN"
"4596",2003,"ADQ"
"4597",2005,"BET"
"4598",2005,"ISO"
"4599",2006,"DSM"
"4600",2006,"FSD"
"4601",2006,"MCN"
"4602",2006,"ILG"
"4603",2007,"CIC"
"4604",2007,"TVC"
"4605",1988,"ICT"
"4606",1989,"ISO"
"4607",1990,"LSE"
"4608",1992,"JNU"
"4609",2001,"MOB"
"4610",2004,"LAX"
"4611",2005,"SBA"
"4612",2007,"HNL"
"4613",2007,"TYR"
"4614",2008,"PIH"
"4615",2008,"ROW"
"4616",1987,"SPN"
"4617",1990,"CMI"
"4618",1990,"TVL"
"4619",1991,"OMA"
"4620",1991,"BTR"
"4621",1992,"TOL"
"4622",1992,"PSP"
"4623",1993,"SRQ"
"4624",1993,"TVC"
"4625",1995,"MGM"
"4626",1999,"GPT"
"4627",1999,"SWF"
"4628",1999,"ILM"
"4629",2000,"LAX"
"4630",2000,"FAY"
"4631",2002,"TPA"
"4632",2003,"CDV"
"4633",2004,"YAK"
"4634",2005,"OAK"
"4635",2005,"OTZ"
"4636",2006,"PBI"
"4637",2006,"AVP"
"4638",2007,"BWI"
"4639",2007,"SHV"
"4640",2007,"IPL"
"4641",2008,"EKO"
"4642",1987,"OKC"
"4643",1988,"MLI"
"4644",1992,"COS"
"4645",1994,"OKC"
"4646",1994,"BRW"
"4647",1995,"PBI"
"4648",1995,"ROC"
"4649",1995,"HRL"
"4650",1995,"BTR"
"4651",1995,"YAK"
"4652",1996,"CID"
"4653",1997,"PSC"
"4654",2000,"ISP"
"4655",2000,"FAR"
"4656",2002,"LIH"
"4657",2004,"SCE"
"4658",2004,"MCN"
"4659",2005,"GNV"
"4660",2006,"RNO"
"4661",2006,"JAC"
"4662",2006,"SHV"
"4663",2007,"SBA"
"4664",2007,"AZO"
"4665",2008,"LMT"
"4666",1987,"ICT"
"4667",1989,"MKE"
"4668",1989,"LEX"
"4669",1989,"JAC"
"4670",1990,"BFL"
"4671",1991,"CMH"
"4672",1991,"PSG"
"4673",1992,"LEX"
"4674",1994,"BNA"
"4675",1995,"SAV"
"4676",1996,"STT"
"4677",1997,"MLU"
"4678",1997,"DSM"
"4679",2001,"CRP"
"4680",2004,"TPA"
"4681",2005,"TXK"
"4682",2006,"EUG"
"4683",2008,"GSO"
"4684",1987,"EWR"
"4685",1987,"ISO"
"4686",1988,"PUB"
"4687",1988,"GPT"
"4688",1989,"LAS"
"4689",1990,"DAL"
"4690",1990,"CRP"
"4691",1991,"CAE"
"4692",1992,"PBI"
"4693",1992,"FNT"
"4694",1992,"LFT"
"4695",1995,"PSG"
"4696",1995,"GFK"
"4697",1996,"ONT"
"4698",1996,"ROA"
"4699",1998,"BUR"
"4700",1998,"RAP"
"4701",1999,"IAH"
"4702",2000,"DLG"
"4703",2001,"DTW"
"4704",2001,"ONT"
"4705",2003,"DAY"
"4706",2003,"CHO"
"4707",2003,"ABI"
"4708",2004,"SJU"
"4709",2004,"GFK"
"4710",2005,"PDX"
"4711",2005,"LFT"
"4712",2006,"FLO"
"4713",2006,"OME"
"4714",2007,"ELP"
"4715",2007,"LFT"
"4716",2007,"RAP"
"4717",2007,"EKO"
"4718",2007,"SIT"
"4719",1987,"ROA"
"4720",1988,"WRG"
"4721",1989,"IND"
"4722",1989,"GFK"
"4723",1991,"IAH"
"4724",1992,"MYR"
"4725",1993,"MYR"
"4726",1995,"MDW"
"4727",1995,"MYR"
"4728",1996,"VPS"
"4729",1999,"RDU"
"4730",1999,"GST"
"4731",2000,"ANC"
"4732",2003,"TLH"
"4733",2003,"CAE"
"4734",2003,"BQN"
"4735",2004,"AGS"
"4736",2004,"CLD"
"4737",2005,"MTJ"
"4738",2006,"SBA"
"4739",2006,"AGS"
"4740",2007,"ACY"
"4741",2007,"LYH"
"4742",2008,"ABI"
"4743",1987,"PSP"
"4744",1988,"BOS"
"4745",1988,"FCA"
"4746",1989,"HRL"
"4747",1990,"ELP"
"4748",1991,"SAN"
"4749",1992,"MOT"
"4750",1993,"AZO"
"4751",1993,"HPN"
"4752",1993,"OMA"
"4753",1995,"SRQ"
"4754",1995,"AVL"
"4755",1997,"PSG"
"4756",1999,"OME"
"4757",1999,"TVC"
"4758",2004,"LCH"
"4759",2005,"PSP"
"4760",2005,"DLH"
"4761",2005,"WRG"
"4762",2006,"STT"
"4763",2006,"ALB"
"4764",2006,"SJT"
"4765",2007,"CHA"
"4766",2007,"CWA"
"4767",1987,"RIC"
"4768",1988,"STL"
"4769",1989,"DTW"
"4770",1990,"IAD"
"4771",1991,"IND"
"4772",1991,"IAD"
"4773",1996,"GUC"
"4774",1997,"LAS"
"4775",1997,"STX"
"4776",1998,"DCA"
"4777",1999,"PHX"
"4778",2004,"MBS"
"4779",2006,"ICT"
"4780",2007,"CRW"
"4781",2008,"IAD"
"4782",2008,"ELP"
"4783",2008,"JAC"
"4784",1987,"SLC"
"4785",1987,"BUF"
"4786",1988,"MSN"
"4787",1988,"MAF"
"4788",1989,"BFL"
"4789",1990,"MDT"
"4790",1990,"ROC"
"4791",1990,"HOU"
"4792",1991,"SLC"
"4793",1992,"ABE"
"4794",1992,"ANC"
"4795",1992,"IDA"
"4796",1993,"PWM"
"4797",1994,"TOL"
"4798",1998,"MDT"
"4799",1998,"TPA"
"4800",1999,"ALB"
"4801",2001,"FSM"
"4802",2002,"SAN"
"4803",2003,"SAN"
"4804",2003,"BIS"
"4805",2004,"CMH"
"4806",2004,"VPS"
"4807",2004,"DRO"
"4808",2006,"EYW"
"4809",2007,"HPN"
"4810",2007,"BGR"
"4811",2007,"FAY"
"4812",1987,"KOA"
"4813",1987,"MOB"
"4814",1987,"PUB"
"4815",1989,"MSN"
"4816",1991,"DFW"
"4817",1992,"BGM"
"4818",1993,"LAN"
"4819",1993,"EGE"
"4820",1994,"CSG"
"4821",1994,"OME"
"4822",1996,"AUS"
"4823",1997,"AVP"
"4824",1997,"AGS"
"4825",1998,"FWA"
"4826",1998,"LSE"
"4827",1999,"BUR"
"4828",1999,"PIT"
"4829",2000,"SDF"
"4830",2000,"ABQ"
"4831",2003,"MGM"
"4832",2004,"LIH"
"4833",2005,"HKY"
"4834",2007,"PHX"
"4835",2008,"MDW"
"4836",1989,"MCO"
"4837",1989,"WRG"
"4838",1990,"ONT"
"4839",1990,"AUS"
"4840",1990,"DRO"
"4841",1991,"DTW"
"4842",1991,"ATL"
"4843",1991,"SBN"
"4844",1992,"ONT"
"4845",1993,"ITH"
"4846",1993,"SBN"
"4847",1993,"DEN"
"4848",1995,"HPN"
"4849",1995,"ACK"
"4850",1996,"LEX"
"4851",1996,"KSM"
"4852",1997,"MOB"
"4853",1997,"BOI"
"4854",1997,"AVL"
"4855",2000,"SIT"
"4856",2001,"EVV"
"4857",2002,"MDT"
"4858",2003,"JAX"
"4859",2003,"EVV"
"4860",2003,"SBN"
"4861",2004,"BWI"
"4862",2005,"ABQ"
"4863",2006,"MRY"
"4864",2006,"CKB"
"4865",2007,"GSP"
"4866",2008,"DAY"
"4867",2008,"CPR"
"4868",2008,"MDT"
"4869",1987,"MYR"
"4870",1990,"PSE"
"4871",1988,"GTF"
"4872",1989,"ILM"
"4873",1990,"SCK"
"4874",1990,"DSM"
"4875",1990,"RAP"
"4876",1991,"LEX"
"4877",1991,"MLB"
"4878",1991,"ABQ"
"4879",1991,"KTN"
"4880",1992,"ALB"
"4881",1993,"MAF"
"4882",1994,"ELM"
"4883",1995,"LSE"
"4884",1996,"MOT"
"4885",1997,"ELM"
"4886",1998,"TOL"
"4887",2002,"JFK"
"4888",2003,"CIC"
"4889",2004,"MCI"
"4890",2004,"JAX"
"4891",2004,"SYR"
"4892",2004,"DAB"
"4893",2005,"MKE"
"4894",2006,"DAB"
"4895",2007,"CLT"
"4896",2007,"MLB"
"4897",2008,"SCE"
"4898",1987,"PHF"
"4899",1987,"HDN"
"4900",1988,"IND"
"4901",1988,"CHA"
"4902",1990,"SAV"
"4903",1991,"ONT"
"4904",1991,"ISO"
"4905",1992,"LAN"
"4906",1992,"FAY"
"4907",1992,"MLU"
"4908",1993,"CAK"
"4909",1994,"KSM"
"4910",1994,"KTN"
"4911",1996,"SMF"
"4912",1999,"RNO"
"4913",1999,"LEX"
"4914",2000,"MRY"
"4915",2000,"BZN"
"4916",2003,"MTJ"
"4917",2004,"GTF"
"4918",2004,"FAT"
"4919",2008,"DTW"
"4920",2008,"MSO"
"4921",2008,"INL"
"4922",1987,"RAP"
"4923",1987,"GSP"
"4924",1988,"HDN"
"4925",1989,"GNV"
"4926",1989,"SIT"
"4927",1990,"DAY"
"4928",1991,"ORF"
"4929",1992,"MCO"
"4930",1992,"IAD"
"4931",1992,"OAJ"
"4932",1993,"BQN"
"4933",1994,"BIS"
"4934",1994,"AKN"
"4935",1995,"MOB"
"4936",1996,"PHL"
"4937",1996,"GRR"
"4938",1997,"MCO"
"4939",1998,"HLN"
"4940",1999,"JNU"
"4941",1999,"HNL"
"4942",2000,"STL"
"4943",2000,"EGE"
"4944",2000,"GFK"
"4945",2001,"TPA"
"4946",2001,"SAV"
"4947",2001,"TLH"
"4948",2002,"TVC"
"4949",2003,"CPR"
"4950",2004,"PIT"
"4951",2004,"PWM"
"4952",2005,"CHA"
"4953",2005,"JNU"
"4954",2005,"AKN"
"4955",2006,"CIC"
"4956",2007,"RST"
"4957",2008,"IPL"
"4958",1987,"BWI"
"4959",1988,"MYR"
"4960",1988,"BOI"
"4961",1988,"MSO"
"4962",1988,"MFE"
"4963",1989,"BIS"
"4964",1989,"LYH"
"4965",1990,"SMF"
"4966",1990,"BIS"
"4967",1995,"RST"
"4968",1996,"AVP"
"4969",1997,"IAD"
"4970",1998,"LBB"
"4971",2001,"EUG"
"4972",2002,"CRP"
"4973",2002,"SIT"
"4974",2003,"SMX"
"4975",2004,"AMA"
"4976",2005,"MFE"
"4977",2006,"MBS"
"4978",2006,"HLN"
"4979",2006,"BET"
"4980",2007,"MBS"
"4981",2008,"SDF"
"4982",2008,"BNA"
"4983",2008,"BOS"
"4984",2008,"BZN"
"4985",2008,"MQT"
"4986",2008,"SCC"
"4987",1987,"SJC"
"4988",1987,"HPN"
"4989",1987,"STX"
"4990",1988,"FAI"
"4991",1990,"ANC"
"4992",1991,"RNO"
"4993",1996,"CMH"
"4994",1996,"GEG"
"4995",1996,"TRI"
"4996",1999,"ATL"
"4997",2001,"JAC"
"4998",2003,"ROC"
"4999",2004,"RNO"
"5000",2004,"DUT"
"5001",2007,"BOI"
"5002",2007,"PNS"
"5003",2007,"MTJ"
"5004",1987,"EVV"
"5005",1988,"SNA"
"5006",1990,"TRI"
"5007",1990,"ROA"
"5008",1991,"DAL"
"5009",1991,"MRY"
"5010",1991,"BTM"
"5011",1992,"ELP"
"5012",1992,"SLC"
"5013",1993,"MSY"
"5014",1993,"FNT"
"5015",1993,"COD"
"5016",1994,"AMA"
"5017",1995,"HLN"
"5018",1995,"MFE"
"5019",1996,"ORD"
"5020",1996,"FAY"
"5021",1997,"ITH"
"5022",1998,"HPN"
"5023",1998,"PVD"
"5024",1998,"MGM"
"5025",1998,"LAN"
"5026",1999,"MOT"
"5027",2000,"BUF"
"5028",2001,"MSN"
"5029",2003,"FSD"
"5030",2004,"CAE"
"5031",2004,"FLO"
"5032",2005,"ORF"
"5033",2005,"SRQ"
"5034",1988,"BIS"
"5035",1988,"ACY"
"5036",1991,"BOS"
"5037",1991,"ROC"
"5038",1992,"EWR"
"5039",1993,"SAT"
"5040",1993,"RST"
"5041",1994,"MAF"
"5042",1994,"MSO"
"5043",1995,"LEX"
"5044",1996,"EGE"
"5045",1996,"SUX"
"5046",1997,"LAX"
"5047",1997,"ERI"
"5048",1997,"CDV"
"5049",1997,"DAB"
"5050",2001,"JNU"
"5051",2002,"HRL"
"5052",2002,"LAW"
"5053",2003,"PIH"
"5054",2003,"GNV"
"5055",2005,"IAH"
"5056",2006,"TWF"
"5057",2007,"BUR"
"5058",2007,"ATL"
"5059",2007,"MLI"
"5060",2008,"MFE"
"5061",2008,"HSV"
"5062",1987,"COS"
"5063",1987,"RDD"
"5064",1988,"AVL"
"5065",1990,"ACY"
"5066",1991,"BHM"
"5067",1991,"GNV"
"5068",1991,"BUR"
"5069",1992,"ITH"
"5070",1993,"IAD"
"5071",1996,"HPN"
"5072",1997,"JAX"
"5073",1998,"ELM"
"5074",1999,"OKC"
"5075",1999,"KTN"
"5076",2001,"HRL"
"5077",2002,"RIC"
"5078",2003,"PSC"
"5079",2004,"JAC"
"5080",2004,"STX"
"5081",2004,"SGF"
"5082",2006,"TUP"
"5083",1987,"HNL"
"5084",1988,"PSC"
"5085",1990,"CID"
"5086",1992,"SBN"
"5087",1994,"PVD"
"5088",1994,"BZN"
"5089",1994,"VPS"
"5090",1994,"MFE"
"5091",1995,"EUG"
"5092",1997,"GRB"
"5093",1998,"CMH"
"5094",1998,"OKC"
"5095",1998,"MTJ"
"5096",1999,"MCO"
"5097",2001,"MCI"
"5098",2002,"IAH"
"5099",2003,"BHM"
"5100",2003,"CEC"
"5101",2004,"OKC"
"5102",2004,"RIC"
"5103",2005,"SGF"
"5104",2005,"CAK"
"5105",2006,"MSY"
"5106",2007,"FLL"
"5107",2007,"LNK"
"5108",2008,"HDN"
"5109",2008,"MIA"
"5110",2008,"HHH"
"5111",2005,"CKB"
"5112",1987,"LEX"
"5113",1987,"LNK"
"5114",1987,"CAE"
"5115",1992,"PIT"
"5116",1994,"SDF"
"5117",1996,"BOS"
"5118",1998,"HRL"
"5119",1998,"JAN"
"5120",1998,"AKN"
"5121",2000,"ERI"
"5122",2001,"ORF"
"5123",2001,"ANC"
"5124",2003,"SHV"
"5125",2004,"CIC"
"5126",2005,"BOS"
"5127",2006,"GRK"
"5128",2007,"SAT"
"5129",2008,"LAX"
"5130",1987,"DFW"
"5131",1987,"TRI"
"5132",1989,"PIT"
"5133",1989,"MSO"
"5134",1989,"CPR"
"5135",1989,"FCA"
"5136",1990,"DLH"
"5137",1991,"ACY"
"5138",1992,"CLT"
"5139",1993,"MOB"
"5140",1994,"CVG"
"5141",1995,"CLT"
"5142",1996,"MTJ"
"5143",1997,"CLE"
"5144",1998,"BOI"
"5145",1998,"BTR"
"5146",1998,"ILM"
"5147",2000,"DEN"
"5148",2000,"SJC"
"5149",2001,"BTR"
"5150",2002,"COS"
"5151",2004,"ROA"
"5152",2004,"SWF"
"5153",2007,"FAR"
"5154",1988,"EAU"
"5155",1989,"GEG"
"5156",1989,"IDA"
"5157",1991,"ABE"
"5158",1993,"SJU"
"5159",1994,"OGG"
"5160",1995,"RSW"
"5161",1995,"SJU"
"5162",1995,"HNL"
"5163",1999,"SFO"
"5164",1999,"SJU"
"5165",2001,"PSP"
"5166",2002,"AUS"
"5167",2005,"OGG"
"5168",2005,"GFK"
"5169",2005,"GRK"
"5170",2006,"LIT"
"5171",2007,"BOS"
"5172",2008,"ABQ"
"5173",2008,"HRL"
"5174",2008,"MRY"
"5175",2008,"MOD"
"5176",1987,"PDX"
"5177",1987,"MHT"
"5178",1988,"APF"
"5179",1988,"HLN"
"5180",1990,"DAB"
"5181",1990,"OGG"
"5182",1992,"FAI"
"5183",1993,"BGM"
"5184",1994,"ILM"
"5185",1994,"KOA"
"5186",1995,"ORF"
"5187",1995,"LGB"
"5188",1996,"DAL"
"5189",1997,"RIC"
"5190",1997,"ROA"
"5191",1997,"MLB"
"5192",1999,"SEA"
"5193",2000,"LEX"
"5194",2002,"OAK"
"5195",2003,"SBA"
"5196",2003,"FSM"
"5197",2003,"DBQ"
"5198",2004,"OAK"
"5199",2004,"MHT"
"5200",2004,"HNL"
"5201",2007,"HTS"
"5202",2008,"TYS"
"5203",2008,"BIS"
"5204",2008,"CSG"
"5205",1987,"SEA"
"5206",1988,"PSG"
"5207",1989,"SBN"
"5208",1990,"SYR"
"5209",1991,"CCR"
"5210",1992,"PHL"
"5211",1992,"LBB"
"5212",1996,"LGB"
"5213",1996,"SLC"
"5214",1996,"SYR"
"5215",1998,"TUS"
"5216",1998,"JAX"
"5217",1998,"AVL"
"5218",2000,"CLT"
"5219",2000,"RDU"
"5220",2000,"RST"
"5221",2001,"SAN"
"5222",2001,"AZO"
"5223",2001,"PSG"
"5224",2002,"GTF"
"5225",2002,"LEX"
"5226",2003,"CDC"
"5227",2003,"LEX"
"5228",2004,"BIS"
"5229",2006,"MYR"
"5230",2006,"STL"
"5231",2006,"OKC"
"5232",2006,"PNS"
"5233",2007,"FCA"
"5234",2007,"CMI"
"5235",2008,"OAK"
"5236",2008,"CVG"
"5237",2008,"PMD"
"5238",2008,"GNV"
"5239",2008,"ADK"
"5240",1987,"BOS"
"5241",1987,"FLL"
"5242",1991,"FAI"
"5243",1991,"GUC"
"5244",1993,"BHM"
"5245",1994,"SPI"
"5246",1995,"WRG"
"5247",1995,"BZN"
"5248",1996,"CHA"
"5249",1998,"DRO"
"5250",1999,"LNK"
"5251",2003,"RDU"
"5252",2004,"SAN"
"5253",2005,"AGS"
"5254",2006,"HDN"
"5255",2007,"OMA"
"5256",2007,"PWM"
"5257",1987,"TOL"
"5258",1988,"SYR"
"5259",1988,"ALO"
"5260",1990,"FAT"
"5261",1991,"DEN"
"5262",1991,"SEA"
"5263",1992,"DLG"
"5264",1994,"DFW"
"5265",1994,"MLI"
"5266",1995,"PSC"
"5267",1996,"STL"
"5268",1996,"HVN"
"5269",1997,"BZN"
"5270",1997,"SIT"
"5271",1998,"TLH"
"5272",1999,"PSC"
"5273",1999,"SGF"
"5274",1999,"PIA"
"5275",2000,"PIT"
"5276",2002,"TOL"
"5277",2002,"SCC"
"5278",2003,"FAT"
"5279",2003,"IPL"
"5280",2003,"DRO"
"5281",2003,"CSG"
"5282",2004,"CLT"
"5283",2004,"JFK"
"5284",2006,"BUR"
"5285",2007,"ORD"
"5286",2007,"MRY"
"5287",2007,"PIA"
"5288",2007,"VLD"
"5289",1989,"BOI"
"5290",1989,"FAY"
"5291",1991,"DAY"
"5292",1992,"AUS"
"5293",1994,"ITH"
"5294",1996,"AZO"
"5295",1996,"HDN"
"5296",1996,"BRW"
"5297",1997,"LSE"
"5298",1999,"MKE"
"5299",1999,"BTV"
"5300",2000,"ROC"
"5301",2000,"SHV"
"5302",2000,"LFT"
"5303",2003,"CMH"
"5304",2004,"ORD"
"5305",2004,"DTW"
"5306",2004,"ABQ"
"5307",2004,"BZN"
"5308",2004,"FWA"
"5309",2005,"ISP"
"5310",2006,"CLE"
"5311",2006,"ILM"
"5312",2008,"CHS"
"5313",2008,"COS"
"5314",1987,"GSO"
